primary_label,scientific_name,common_name,filename,author,usable_segments,class_id
azaspi1,Synallaxis azarae,Azara's Spinetail,XC1540.ogg,189,7,20
azaspi1,Synallaxis azarae,Azara's Spinetail,XC1547.ogg,189,4,20
azaspi1,Synallaxis azarae,Azara's Spinetail,XC1562.ogg,189,5,20
azaspi1,Synallaxis azarae,Azara's Spinetail,XC1564.ogg,189,4,20
azaspi1,Synallaxis azarae,Azara's Spinetail,XC1596.ogg,189,2,20
azaspi1,Synallaxis azarae,Azara's Spinetail,XC16121.ogg,153,1,20
azaspi1,Synallaxis azarae,Azara's Spinetail,XC1961.ogg,189,5,20
azaspi1,Synallaxis azarae,Azara's Spinetail,XC2020.ogg,189,3,20
azaspi1,Synallaxis azarae,Azara's Spinetail,XC2079.ogg,189,5,20
azaspi1,Synallaxis azarae,Azara's Spinetail,XC29291.ogg,153,1,20
azaspi1,Synallaxis azarae,Azara's Spinetail,XC29292.ogg,153,1,20
azaspi1,Synallaxis azarae,Azara's Spinetail,XC29293.ogg,153,1,20
azaspi1,Synallaxis azarae,Azara's Spinetail,XC29294.ogg,153,1,20
azaspi1,Synallaxis azarae,Azara's Spinetail,XC29297.ogg,153,2,20
azaspi1,Synallaxis azarae,Azara's Spinetail,XC29298.ogg,153,1,20
azaspi1,Synallaxis azarae,Azara's Spinetail,XC29299.ogg,153,1,20
azaspi1,Synallaxis azarae,Azara's Spinetail,XC29300.ogg,153,1,20
azaspi1,Synallaxis azarae,Azara's Spinetail,XC345967.ogg,175,4,20
azaspi1,Synallaxis azarae,Azara's Spinetail,XC345968.ogg,175,3,20
azaspi1,Synallaxis azarae,Azara's Spinetail,XC354169.ogg,93,14,20
azaspi1,Synallaxis azarae,Azara's Spinetail,XC391618.ogg,22,6,20
azaspi1,Synallaxis azarae,Azara's Spinetail,XC395079.ogg,114,7,20
azaspi1,Synallaxis azarae,Azara's Spinetail,XC436521.ogg,183,4,20
azaspi1,Synallaxis azarae,Azara's Spinetail,XC44225.ogg,145,1,20
azaspi1,Synallaxis azarae,Azara's Spinetail,XC461848.ogg,184,2,20
azaspi1,Synallaxis azarae,Azara's Spinetail,XC52032.ogg,24,0,20
azaspi1,Synallaxis azarae,Azara's Spinetail,XC52033.ogg,24,1,20
azaspi1,Synallaxis azarae,Azara's Spinetail,XC57009.ogg,142,2,20
azaspi1,Synallaxis azarae,Azara's Spinetail,XC57010.ogg,142,19,20
azaspi1,Synallaxis azarae,Azara's Spinetail,XC8973.ogg,149,3,20
banana,Coereba flaveola,Bananaquit,XC146976.ogg,169,5,2
banana,Coereba flaveola,Bananaquit,XC147123.ogg,169,2,2
banana,Coereba flaveola,Bananaquit,XC147124.ogg,169,1,2
banana,Coereba flaveola,Bananaquit,XC149227.ogg,17,9,2
banana,Coereba flaveola,Bananaquit,XC173565.ogg,59,3,2
banana,Coereba flaveola,Bananaquit,XC175745.ogg,111,3,2
banana,Coereba flaveola,Bananaquit,XC177791.ogg,17,2,2
banana,Coereba flaveola,Bananaquit,XC190593.ogg,83,12,2
banana,Coereba flaveola,Bananaquit,XC192713.ogg,176,2,2
banana,Coereba flaveola,Bananaquit,XC2593.ogg,189,3,2
banana,Coereba flaveola,Bananaquit,XC269287.ogg,49,1,2
banana,Coereba flaveola,Bananaquit,XC294693.ogg,59,3,2
banana,Coereba flaveola,Bananaquit,XC388560.ogg,130,4,2
banana,Coereba flaveola,Bananaquit,XC393165.ogg,150,10,2
banana,Coereba flaveola,Bananaquit,XC393396.ogg,150,13,2
banana,Coereba flaveola,Bananaquit,XC428514.ogg,196,1,2
banana,Coereba flaveola,Bananaquit,XC428560.ogg,196,6,2
banana,Coereba flaveola,Bananaquit,XC4311.ogg,28,3,2
banana,Coereba flaveola,Bananaquit,XC466225.ogg,177,2,2
banana,Coereba flaveola,Bananaquit,XC469261.ogg,102,2,2
banana,Coereba flaveola,Bananaquit,XC491921.ogg,19,3,2
banana,Coereba flaveola,Bananaquit,XC576031.ogg,71,5,2
banana,Coereba flaveola,Bananaquit,XC590531.ogg,135,11,2
banana,Coereba flaveola,Bananaquit,XC591270.ogg,102,4,2
banana,Coereba flaveola,Bananaquit,XC603264.ogg,51,6,2
banana,Coereba flaveola,Bananaquit,XC70807.ogg,53,1,2
banana,Coereba flaveola,Bananaquit,XC84472.ogg,105,3,2
barant1,Thamnophilus doliatus,Barred Antshrike,XC123670.ogg,65,5,22
barant1,Thamnophilus doliatus,Barred Antshrike,XC124607.ogg,65,4,22
barant1,Thamnophilus doliatus,Barred Antshrike,XC139971.ogg,72,12,22
barant1,Thamnophilus doliatus,Barred Antshrike,XC150586.ogg,48,12,22
barant1,Thamnophilus doliatus,Barred Antshrike,XC151239.ogg,48,8,22
barant1,Thamnophilus doliatus,Barred Antshrike,XC171185.ogg,81,4,22
barant1,Thamnophilus doliatus,Barred Antshrike,XC212419.ogg,74,2,22
barant1,Thamnophilus doliatus,Barred Antshrike,XC212420.ogg,74,4,22
barant1,Thamnophilus doliatus,Barred Antshrike,XC241075.ogg,105,4,22
barant1,Thamnophilus doliatus,Barred Antshrike,XC241079.ogg,105,3,22
barant1,Thamnophilus doliatus,Barred Antshrike,XC2591.ogg,189,2,22
barant1,Thamnophilus doliatus,Barred Antshrike,XC2620.ogg,189,2,22
barant1,Thamnophilus doliatus,Barred Antshrike,XC379472.ogg,67,5,22
barant1,Thamnophilus doliatus,Barred Antshrike,XC389172.ogg,119,6,22
barant1,Thamnophilus doliatus,Barred Antshrike,XC413856.ogg,102,3,22
barant1,Thamnophilus doliatus,Barred Antshrike,XC414684.ogg,80,35,22
barant1,Thamnophilus doliatus,Barred Antshrike,XC421678.ogg,74,6,22
barant1,Thamnophilus doliatus,Barred Antshrike,XC433820.ogg,130,8,22
barant1,Thamnophilus doliatus,Barred Antshrike,XC444477.ogg,184,6,22
barant1,Thamnophilus doliatus,Barred Antshrike,XC447988.ogg,196,6,22
barant1,Thamnophilus doliatus,Barred Antshrike,XC459559.ogg,130,5,22
barant1,Thamnophilus doliatus,Barred Antshrike,XC470902.ogg,173,6,22
barant1,Thamnophilus doliatus,Barred Antshrike,XC492020.ogg,19,9,22
barant1,Thamnophilus doliatus,Barred Antshrike,XC496233.ogg,19,7,22
barant1,Thamnophilus doliatus,Barred Antshrike,XC504813.ogg,74,3,22
barant1,Thamnophilus doliatus,Barred Antshrike,XC559899.ogg,133,7,22
barant1,Thamnophilus doliatus,Barred Antshrike,XC599227.ogg,102,3,22
barant1,Thamnophilus doliatus,Barred Antshrike,XC616375.ogg,128,4,22
barant1,Thamnophilus doliatus,Barred Antshrike,XC616635.ogg,92,3,22
barant1,Thamnophilus doliatus,Barred Antshrike,XC80109.ogg,105,3,22
barant1,Thamnophilus doliatus,Barred Antshrike,XC80112.ogg,105,2,22
barant1,Thamnophilus doliatus,Barred Antshrike,XC80113.ogg,105,8,22
barant1,Thamnophilus doliatus,Barred Antshrike,XC80114.ogg,105,1,22
bncfly,Myiarchus tyrannulus,Brown-crested Flycatcher,XC114060.ogg,107,5,10
bncfly,Myiarchus tyrannulus,Brown-crested Flycatcher,XC124621.ogg,65,1,10
bncfly,Myiarchus tyrannulus,Brown-crested Flycatcher,XC1708.ogg,189,1,10
bncfly,Myiarchus tyrannulus,Brown-crested Flycatcher,XC195662.ogg,49,3,10
bncfly,Myiarchus tyrannulus,Brown-crested Flycatcher,XC211404.ogg,74,5,10
bncfly,Myiarchus tyrannulus,Brown-crested Flycatcher,XC2646.ogg,189,4,10
bncfly,Myiarchus tyrannulus,Brown-crested Flycatcher,XC288817.ogg,153,8,10
bncfly,Myiarchus tyrannulus,Brown-crested Flycatcher,XC288823.ogg,153,3,10
bncfly,Myiarchus tyrannulus,Brown-crested Flycatcher,XC288940.ogg,10,11,10
bncfly,Myiarchus tyrannulus,Brown-crested Flycatcher,XC288942.ogg,10,14,10
bncfly,Myiarchus tyrannulus,Brown-crested Flycatcher,XC295349.ogg,74,2,10
bncfly,Myiarchus tyrannulus,Brown-crested Flycatcher,XC301359.ogg,74,3,10
bncfly,Myiarchus tyrannulus,Brown-crested Flycatcher,XC301361.ogg,74,6,10
bncfly,Myiarchus tyrannulus,Brown-crested Flycatcher,XC301362.ogg,74,3,10
bncfly,Myiarchus tyrannulus,Brown-crested Flycatcher,XC313640.ogg,38,5,10
bncfly,Myiarchus tyrannulus,Brown-crested Flycatcher,XC32317.ogg,153,3,10
bncfly,Myiarchus tyrannulus,Brown-crested Flycatcher,XC32318.ogg,153,1,10
bncfly,Myiarchus tyrannulus,Brown-crested Flycatcher,XC323907.ogg,74,9,10
bncfly,Myiarchus tyrannulus,Brown-crested Flycatcher,XC377334.ogg,193,3,10
bncfly,Myiarchus tyrannulus,Brown-crested Flycatcher,XC387807.ogg,57,6,10
bncfly,Myiarchus tyrannulus,Brown-crested Flycatcher,XC415585.ogg,102,3,10
bncfly,Myiarchus tyrannulus,Brown-crested Flycatcher,XC428559.ogg,196,1,10
bncfly,Myiarchus tyrannulus,Brown-crested Flycatcher,XC438057.ogg,102,2,10
bncfly,Myiarchus tyrannulus,Brown-crested Flycatcher,XC444447.ogg,184,5,10
bncfly,Myiarchus tyrannulus,Brown-crested Flycatcher,XC500057.ogg,102,2,10
bncfly,Myiarchus tyrannulus,Brown-crested Flycatcher,XC500059.ogg,102,2,10
bncfly,Myiarchus tyrannulus,Brown-crested Flycatcher,XC503466.ogg,153,11,10
bncfly,Myiarchus tyrannulus,Brown-crested Flycatcher,XC506231.ogg,153,9,10
bncfly,Myiarchus tyrannulus,Brown-crested Flycatcher,XC51007.ogg,24,3,10
bncfly,Myiarchus tyrannulus,Brown-crested Flycatcher,XC51008.ogg,24,1,10
bncfly,Myiarchus tyrannulus,Brown-crested Flycatcher,XC51009.ogg,24,1,10
bncfly,Myiarchus tyrannulus,Brown-crested Flycatcher,XC51010.ogg,24,2,10
bncfly,Myiarchus tyrannulus,Brown-crested Flycatcher,XC556774.ogg,102,1,10
bncfly,Myiarchus tyrannulus,Brown-crested Flycatcher,XC559538.ogg,125,3,10
bncfly,Myiarchus tyrannulus,Brown-crested Flycatcher,XC565168.ogg,102,1,10
bncfly,Myiarchus tyrannulus,Brown-crested Flycatcher,XC568551.ogg,125,2,10
bncfly,Myiarchus tyrannulus,Brown-crested Flycatcher,XC586389.ogg,19,14,10
bncfly,Myiarchus tyrannulus,Brown-crested Flycatcher,XC589729.ogg,135,14,10
bncfly,Myiarchus tyrannulus,Brown-crested Flycatcher,XC591269.ogg,102,3,10
bncfly,Myiarchus tyrannulus,Brown-crested Flycatcher,XC599243.ogg,102,17,10
bncfly,Myiarchus tyrannulus,Brown-crested Flycatcher,XC78177.ogg,27,3,10
bncfly,Myiarchus tyrannulus,Brown-crested Flycatcher,XC78178.ogg,27,3,10
bncfly,Myiarchus tyrannulus,Brown-crested Flycatcher,XC82298.ogg,105,3,10
bobfly1,Megarynchus pitangua,Boat-billed Flycatcher,XC173969.ogg,59,5,9
bobfly1,Megarynchus pitangua,Boat-billed Flycatcher,XC186434.ogg,112,1,9
bobfly1,Megarynchus pitangua,Boat-billed Flycatcher,XC210083.ogg,105,8,9
bobfly1,Megarynchus pitangua,Boat-billed Flycatcher,XC2193.ogg,189,6,9
bobfly1,Megarynchus pitangua,Boat-billed Flycatcher,XC228605.ogg,18,3,9
bobfly1,Megarynchus pitangua,Boat-billed Flycatcher,XC2347.ogg,189,11,9
bobfly1,Megarynchus pitangua,Boat-billed Flycatcher,XC247450.ogg,49,2,9
bobfly1,Megarynchus pitangua,Boat-billed Flycatcher,XC290415.ogg,203,1,9
bobfly1,Megarynchus pitangua,Boat-billed Flycatcher,XC295771.ogg,74,10,9
bobfly1,Megarynchus pitangua,Boat-billed Flycatcher,XC295773.ogg,74,4,9
bobfly1,Megarynchus pitangua,Boat-billed Flycatcher,XC332778.ogg,148,2,9
bobfly1,Megarynchus pitangua,Boat-billed Flycatcher,XC351267.ogg,105,6,9
bobfly1,Megarynchus pitangua,Boat-billed Flycatcher,XC368365.ogg,80,20,9
bobfly1,Megarynchus pitangua,Boat-billed Flycatcher,XC393684.ogg,150,11,9
bobfly1,Megarynchus pitangua,Boat-billed Flycatcher,XC394268.ogg,150,12,9
bobfly1,Megarynchus pitangua,Boat-billed Flycatcher,XC394273.ogg,150,2,9
bobfly1,Megarynchus pitangua,Boat-billed Flycatcher,XC448162.ogg,196,2,9
bobfly1,Megarynchus pitangua,Boat-billed Flycatcher,XC460189.ogg,103,7,9
bobfly1,Megarynchus pitangua,Boat-billed Flycatcher,XC46715.ogg,24,6,9
bobfly1,Megarynchus pitangua,Boat-billed Flycatcher,XC46716.ogg,24,4,9
bobfly1,Megarynchus pitangua,Boat-billed Flycatcher,XC499722.ogg,157,17,9
bobfly1,Megarynchus pitangua,Boat-billed Flycatcher,XC500233.ogg,54,4,9
bobfly1,Megarynchus pitangua,Boat-billed Flycatcher,XC503247.ogg,80,18,9
bobfly1,Megarynchus pitangua,Boat-billed Flycatcher,XC50999.ogg,24,3,9
bobfly1,Megarynchus pitangua,Boat-billed Flycatcher,XC517729.ogg,102,8,9
bobfly1,Megarynchus pitangua,Boat-billed Flycatcher,XC529087.ogg,135,22,9
bobfly1,Megarynchus pitangua,Boat-billed Flycatcher,XC581963.ogg,80,3,9
bobfly1,Megarynchus pitangua,Boat-billed Flycatcher,XC586388.ogg,19,7,9
bobfly1,Megarynchus pitangua,Boat-billed Flycatcher,XC610840.ogg,181,1,9
bobfly1,Megarynchus pitangua,Boat-billed Flycatcher,XC616378.ogg,128,6,9
bobfly1,Megarynchus pitangua,Boat-billed Flycatcher,XC82266.ogg,105,3,9
compau,Nyctidromus albicollis,Common Pauraque,XC113477.ogg,166,6,12
compau,Nyctidromus albicollis,Common Pauraque,XC121382.ogg,7,6,12
compau,Nyctidromus albicollis,Common Pauraque,XC128797.ogg,65,9,12
compau,Nyctidromus albicollis,Common Pauraque,XC144472.ogg,17,4,12
compau,Nyctidromus albicollis,Common Pauraque,XC145933.ogg,17,2,12
compau,Nyctidromus albicollis,Common Pauraque,XC146262.ogg,171,4,12
compau,Nyctidromus albicollis,Common Pauraque,XC1576.ogg,189,6,12
compau,Nyctidromus albicollis,Common Pauraque,XC174705.ogg,111,2,12
compau,Nyctidromus albicollis,Common Pauraque,XC186385.ogg,74,6,12
compau,Nyctidromus albicollis,Common Pauraque,XC202793.ogg,198,4,12
compau,Nyctidromus albicollis,Common Pauraque,XC216145.ogg,9,6,12
compau,Nyctidromus albicollis,Common Pauraque,XC217758.ogg,7,5,12
compau,Nyctidromus albicollis,Common Pauraque,XC254802.ogg,158,4,12
compau,Nyctidromus albicollis,Common Pauraque,XC294681.ogg,59,4,12
compau,Nyctidromus albicollis,Common Pauraque,XC364657.ogg,29,10,12
compau,Nyctidromus albicollis,Common Pauraque,XC387129.ogg,57,5,12
compau,Nyctidromus albicollis,Common Pauraque,XC387953.ogg,30,2,12
compau,Nyctidromus albicollis,Common Pauraque,XC388916.ogg,103,7,12
compau,Nyctidromus albicollis,Common Pauraque,XC403926.ogg,102,1,12
compau,Nyctidromus albicollis,Common Pauraque,XC436502.ogg,102,4,12
compau,Nyctidromus albicollis,Common Pauraque,XC437667.ogg,47,2,12
compau,Nyctidromus albicollis,Common Pauraque,XC465140.ogg,102,7,12
compau,Nyctidromus albicollis,Common Pauraque,XC470021.ogg,102,7,12
compau,Nyctidromus albicollis,Common Pauraque,XC500061.ogg,102,3,12
compau,Nyctidromus albicollis,Common Pauraque,XC501009.ogg,124,17,12
compau,Nyctidromus albicollis,Common Pauraque,XC540711.ogg,139,12,12
compau,Nyctidromus albicollis,Common Pauraque,XC541160.ogg,102,18,12
compau,Nyctidromus albicollis,Common Pauraque,XC590874.ogg,133,11,12
compau,Nyctidromus albicollis,Common Pauraque,XC592920.ogg,133,15,12
compau,Nyctidromus albicollis,Common Pauraque,XC617011.ogg,102,4,12
compau,Nyctidromus albicollis,Common Pauraque,XC70538.ogg,24,12,12
fepowl,Glaucidium brasilianum,Ferruginous Pygmy-Owl,XC142220.ogg,197,2,5
fepowl,Glaucidium brasilianum,Ferruginous Pygmy-Owl,XC155516.ogg,48,4,5
fepowl,Glaucidium brasilianum,Ferruginous Pygmy-Owl,XC166025.ogg,114,10,5
fepowl,Glaucidium brasilianum,Ferruginous Pygmy-Owl,XC192779.ogg,83,2,5
fepowl,Glaucidium brasilianum,Ferruginous Pygmy-Owl,XC1950.ogg,189,4,5
fepowl,Glaucidium brasilianum,Ferruginous Pygmy-Owl,XC2220.ogg,189,3,5
fepowl,Glaucidium brasilianum,Ferruginous Pygmy-Owl,XC277169.ogg,113,8,5
fepowl,Glaucidium brasilianum,Ferruginous Pygmy-Owl,XC295745.ogg,74,5,5
fepowl,Glaucidium brasilianum,Ferruginous Pygmy-Owl,XC308565.ogg,75,14,5
fepowl,Glaucidium brasilianum,Ferruginous Pygmy-Owl,XC325660.ogg,169,3,5
fepowl,Glaucidium brasilianum,Ferruginous Pygmy-Owl,XC347736.ogg,177,7,5
fepowl,Glaucidium brasilianum,Ferruginous Pygmy-Owl,XC364735.ogg,29,2,5
fepowl,Glaucidium brasilianum,Ferruginous Pygmy-Owl,XC388541.ogg,130,5,5
fepowl,Glaucidium brasilianum,Ferruginous Pygmy-Owl,XC390938.ogg,22,16,5
fepowl,Glaucidium brasilianum,Ferruginous Pygmy-Owl,XC391472.ogg,103,22,5
fepowl,Glaucidium brasilianum,Ferruginous Pygmy-Owl,XC391504.ogg,22,11,5
fepowl,Glaucidium brasilianum,Ferruginous Pygmy-Owl,XC391548.ogg,103,3,5
fepowl,Glaucidium brasilianum,Ferruginous Pygmy-Owl,XC403225.ogg,66,2,5
fepowl,Glaucidium brasilianum,Ferruginous Pygmy-Owl,XC410051.ogg,102,2,5
fepowl,Glaucidium brasilianum,Ferruginous Pygmy-Owl,XC436949.ogg,124,8,5
fepowl,Glaucidium brasilianum,Ferruginous Pygmy-Owl,XC48747.ogg,24,3,5
fepowl,Glaucidium brasilianum,Ferruginous Pygmy-Owl,XC51744.ogg,24,7,5
fepowl,Glaucidium brasilianum,Ferruginous Pygmy-Owl,XC549579.ogg,129,3,5
fepowl,Glaucidium brasilianum,Ferruginous Pygmy-Owl,XC550335.ogg,102,16,5
fepowl,Glaucidium brasilianum,Ferruginous Pygmy-Owl,XC553369.ogg,129,2,5
fepowl,Glaucidium brasilianum,Ferruginous Pygmy-Owl,XC553377.ogg,129,9,5
fepowl,Glaucidium brasilianum,Ferruginous Pygmy-Owl,XC564636.ogg,129,2,5
fepowl,Glaucidium brasilianum,Ferruginous Pygmy-Owl,XC586408.ogg,129,3,5
fepowl,Glaucidium brasilianum,Ferruginous Pygmy-Owl,XC592536.ogg,133,2,5
fepowl,Glaucidium brasilianum,Ferruginous Pygmy-Owl,XC592537.ogg,133,3,5
gcrwar,Basileuterus culicivorus,Golden-crowned Warbler,XC123188.ogg,81,8,0
gcrwar,Basileuterus culicivorus,Golden-crowned Warbler,XC145498.ogg,17,4,0
gcrwar,Basileuterus culicivorus,Golden-crowned Warbler,XC146826.ogg,169,9,0
gcrwar,Basileuterus culicivorus,Golden-crowned Warbler,XC161581.ogg,179,4,0
gcrwar,Basileuterus culicivorus,Golden-crowned Warbler,XC185797.ogg,74,12,0
gcrwar,Basileuterus culicivorus,Golden-crowned Warbler,XC185820.ogg,74,2,0
gcrwar,Basileuterus culicivorus,Golden-crowned Warbler,XC186435.ogg,112,1,0
gcrwar,Basileuterus culicivorus,Golden-crowned Warbler,XC187470.ogg,75,5,0
gcrwar,Basileuterus culicivorus,Golden-crowned Warbler,XC189579.ogg,198,3,0
gcrwar,Basileuterus culicivorus,Golden-crowned Warbler,XC2222.ogg,189,6,0
gcrwar,Basileuterus culicivorus,Golden-crowned Warbler,XC291643.ogg,105,14,0
gcrwar,Basileuterus culicivorus,Golden-crowned Warbler,XC334807.ogg,106,2,0
gcrwar,Basileuterus culicivorus,Golden-crowned Warbler,XC335168.ogg,177,4,0
gcrwar,Basileuterus culicivorus,Golden-crowned Warbler,XC339822.ogg,105,1,0
gcrwar,Basileuterus culicivorus,Golden-crowned Warbler,XC348489.ogg,105,6,0
gcrwar,Basileuterus culicivorus,Golden-crowned Warbler,XC348500.ogg,118,6,0
gcrwar,Basileuterus culicivorus,Golden-crowned Warbler,XC375112.ogg,177,1,0
gcrwar,Basileuterus culicivorus,Golden-crowned Warbler,XC387944.ogg,30,0,0
gcrwar,Basileuterus culicivorus,Golden-crowned Warbler,XC411845.ogg,102,3,0
gcrwar,Basileuterus culicivorus,Golden-crowned Warbler,XC411846.ogg,102,5,0
gcrwar,Basileuterus culicivorus,Golden-crowned Warbler,XC4394.ogg,28,4,0
gcrwar,Basileuterus culicivorus,Golden-crowned Warbler,XC457359.ogg,153,28,0
gcrwar,Basileuterus culicivorus,Golden-crowned Warbler,XC457367.ogg,153,2,0
gcrwar,Basileuterus culicivorus,Golden-crowned Warbler,XC461359.ogg,102,2,0
gcrwar,Basileuterus culicivorus,Golden-crowned Warbler,XC462685.ogg,196,6,0
gcrwar,Basileuterus culicivorus,Golden-crowned Warbler,XC476264.ogg,80,11,0
gcrwar,Basileuterus culicivorus,Golden-crowned Warbler,XC491630.ogg,19,10,0
gcrwar,Basileuterus culicivorus,Golden-crowned Warbler,XC498084.ogg,102,1,0
gcrwar,Basileuterus culicivorus,Golden-crowned Warbler,XC499641.ogg,80,3,0
gcrwar,Basileuterus culicivorus,Golden-crowned Warbler,XC52510.ogg,24,2,0
gcrwar,Basileuterus culicivorus,Golden-crowned Warbler,XC52511.ogg,24,3,0
gcrwar,Basileuterus culicivorus,Golden-crowned Warbler,XC528375.ogg,102,1,0
gcrwar,Basileuterus culicivorus,Golden-crowned Warbler,XC535642.ogg,128,2,0
gcrwar,Basileuterus culicivorus,Golden-crowned Warbler,XC537826.ogg,80,11,0
gcrwar,Basileuterus culicivorus,Golden-crowned Warbler,XC556169.ogg,35,3,0
gcrwar,Basileuterus culicivorus,Golden-crowned Warbler,XC556170.ogg,35,3,0
gcrwar,Basileuterus culicivorus,Golden-crowned Warbler,XC558870.ogg,51,4,0
gcrwar,Basileuterus culicivorus,Golden-crowned Warbler,XC564416.ogg,81,6,0
gcrwar,Basileuterus culicivorus,Golden-crowned Warbler,XC568496.ogg,19,4,0
gcrwar,Basileuterus culicivorus,Golden-crowned Warbler,XC581518.ogg,135,5,0
gcrwar,Basileuterus culicivorus,Golden-crowned Warbler,XC603277.ogg,80,20,0
gcrwar,Basileuterus culicivorus,Golden-crowned Warbler,XC75540.ogg,53,7,0
gcrwar,Basileuterus culicivorus,Golden-crowned Warbler,XC84425.ogg,105,2,0
gcrwar,Basileuterus culicivorus,Golden-crowned Warbler,XC84428.ogg,105,2,0
gcrwar,Basileuterus culicivorus,Golden-crowned Warbler,XC84429.ogg,105,3,0
gcrwar,Basileuterus culicivorus,Golden-crowned Warbler,XC84430.ogg,105,5,0
gcrwar,Basileuterus culicivorus,Golden-crowned Warbler,XC84431.ogg,105,4,0
grasal1,Saltator coerulescens,Grayish Saltator,XC156959.ogg,168,2,16
grasal1,Saltator coerulescens,Grayish Saltator,XC171686.ogg,81,3,16
grasal1,Saltator coerulescens,Grayish Saltator,XC174776.ogg,126,7,16
grasal1,Saltator coerulescens,Grayish Saltator,XC184576.ogg,17,4,16
grasal1,Saltator coerulescens,Grayish Saltator,XC195821.ogg,83,2,16
grasal1,Saltator coerulescens,Grayish Saltator,XC195822.ogg,83,1,16
grasal1,Saltator coerulescens,Grayish Saltator,XC214240.ogg,105,7,16
grasal1,Saltator coerulescens,Grayish Saltator,XC214287.ogg,105,4,16
grasal1,Saltator coerulescens,Grayish Saltator,XC214288.ogg,105,6,16
grasal1,Saltator coerulescens,Grayish Saltator,XC214290.ogg,105,11,16
grasal1,Saltator coerulescens,Grayish Saltator,XC2619.ogg,189,5,16
grasal1,Saltator coerulescens,Grayish Saltator,XC317587.ogg,118,5,16
grasal1,Saltator coerulescens,Grayish Saltator,XC32399.ogg,153,3,16
grasal1,Saltator coerulescens,Grayish Saltator,XC332247.ogg,156,2,16
grasal1,Saltator coerulescens,Grayish Saltator,XC343966.ogg,150,12,16
grasal1,Saltator coerulescens,Grayish Saltator,XC368992.ogg,80,14,16
grasal1,Saltator coerulescens,Grayish Saltator,XC369819.ogg,80,11,16
grasal1,Saltator coerulescens,Grayish Saltator,XC379152.ogg,21,8,16
grasal1,Saltator coerulescens,Grayish Saltator,XC38756.ogg,142,4,16
grasal1,Saltator coerulescens,Grayish Saltator,XC390834.ogg,80,31,16
grasal1,Saltator coerulescens,Grayish Saltator,XC390971.ogg,80,27,16
grasal1,Saltator coerulescens,Grayish Saltator,XC393143.ogg,150,6,16
grasal1,Saltator coerulescens,Grayish Saltator,XC393206.ogg,150,7,16
grasal1,Saltator coerulescens,Grayish Saltator,XC393273.ogg,150,12,16
grasal1,Saltator coerulescens,Grayish Saltator,XC393402.ogg,150,1,16
grasal1,Saltator coerulescens,Grayish Saltator,XC393557.ogg,150,12,16
grasal1,Saltator coerulescens,Grayish Saltator,XC394358.ogg,80,41,16
grasal1,Saltator coerulescens,Grayish Saltator,XC399512.ogg,153,23,16
grasal1,Saltator coerulescens,Grayish Saltator,XC412572.ogg,80,33,16
grasal1,Saltator coerulescens,Grayish Saltator,XC415201.ogg,80,33,16
grasal1,Saltator coerulescens,Grayish Saltator,XC419337.ogg,102,1,16
grasal1,Saltator coerulescens,Grayish Saltator,XC428432.ogg,102,1,16
grasal1,Saltator coerulescens,Grayish Saltator,XC454942.ogg,102,5,16
grasal1,Saltator coerulescens,Grayish Saltator,XC471425.ogg,182,5,16
grasal1,Saltator coerulescens,Grayish Saltator,XC503470.ogg,153,5,16
grasal1,Saltator coerulescens,Grayish Saltator,XC510938.ogg,81,12,16
grasal1,Saltator coerulescens,Grayish Saltator,XC51872.ogg,24,4,16
grasal1,Saltator coerulescens,Grayish Saltator,XC51873.ogg,24,4,16
grasal1,Saltator coerulescens,Grayish Saltator,XC51874.ogg,24,4,16
grasal1,Saltator coerulescens,Grayish Saltator,XC51875.ogg,24,2,16
grasal1,Saltator coerulescens,Grayish Saltator,XC51876.ogg,24,2,16
grasal1,Saltator coerulescens,Grayish Saltator,XC51877.ogg,24,3,16
grasal1,Saltator coerulescens,Grayish Saltator,XC558883.ogg,133,6,16
grasal1,Saltator coerulescens,Grayish Saltator,XC558884.ogg,133,16,16
grasal1,Saltator coerulescens,Grayish Saltator,XC584176.ogg,80,17,16
grasal1,Saltator coerulescens,Grayish Saltator,XC584986.ogg,52,5,16
grasal1,Saltator coerulescens,Grayish Saltator,XC592024.ogg,133,2,16
grasal1,Saltator coerulescens,Grayish Saltator,XC599531.ogg,102,0,16
grasal1,Saltator coerulescens,Grayish Saltator,XC599532.ogg,102,10,16
grasal1,Saltator coerulescens,Grayish Saltator,XC599537.ogg,102,7,16
grasal1,Saltator coerulescens,Grayish Saltator,XC600266.ogg,125,4,16
grasal1,Saltator coerulescens,Grayish Saltator,XC84660.ogg,105,3,16
grasal1,Saltator coerulescens,Grayish Saltator,XC84661.ogg,105,3,16
grasal1,Saltator coerulescens,Grayish Saltator,XC84663.ogg,105,1,16
grasal1,Saltator coerulescens,Grayish Saltator,XC84664.ogg,105,1,16
grekis,Pitangus sulphuratus,Great Kiskadee,XC115733.ogg,14,7,14
grekis,Pitangus sulphuratus,Great Kiskadee,XC115734.ogg,14,9,14
grekis,Pitangus sulphuratus,Great Kiskadee,XC121412.ogg,33,13,14
grekis,Pitangus sulphuratus,Great Kiskadee,XC144736.ogg,17,5,14
grekis,Pitangus sulphuratus,Great Kiskadee,XC144905.ogg,17,1,14
grekis,Pitangus sulphuratus,Great Kiskadee,XC147035.ogg,169,0,14
grekis,Pitangus sulphuratus,Great Kiskadee,XC149125.ogg,48,5,14
grekis,Pitangus sulphuratus,Great Kiskadee,XC149235.ogg,17,4,14
grekis,Pitangus sulphuratus,Great Kiskadee,XC153571.ogg,48,1,14
grekis,Pitangus sulphuratus,Great Kiskadee,XC170757.ogg,169,2,14
grekis,Pitangus sulphuratus,Great Kiskadee,XC171684.ogg,81,2,14
grekis,Pitangus sulphuratus,Great Kiskadee,XC173973.ogg,59,1,14
grekis,Pitangus sulphuratus,Great Kiskadee,XC187994.ogg,134,2,14
grekis,Pitangus sulphuratus,Great Kiskadee,XC199144.ogg,83,2,14
grekis,Pitangus sulphuratus,Great Kiskadee,XC210228.ogg,105,3,14
grekis,Pitangus sulphuratus,Great Kiskadee,XC210230.ogg,105,1,14
grekis,Pitangus sulphuratus,Great Kiskadee,XC388562.ogg,130,5,14
grekis,Pitangus sulphuratus,Great Kiskadee,XC394274.ogg,150,1,14
grekis,Pitangus sulphuratus,Great Kiskadee,XC407702.ogg,102,5,14
grekis,Pitangus sulphuratus,Great Kiskadee,XC433821.ogg,130,6,14
grekis,Pitangus sulphuratus,Great Kiskadee,XC48478.ogg,142,6,14
grekis,Pitangus sulphuratus,Great Kiskadee,XC510928.ogg,81,1,14
grekis,Pitangus sulphuratus,Great Kiskadee,XC51489.ogg,24,1,14
grekis,Pitangus sulphuratus,Great Kiskadee,XC555889.ogg,80,1,14
grekis,Pitangus sulphuratus,Great Kiskadee,XC575705.ogg,71,2,14
grekis,Pitangus sulphuratus,Great Kiskadee,XC584175.ogg,80,1,14
grekis,Pitangus sulphuratus,Great Kiskadee,XC585862.ogg,80,19,14
grekis,Pitangus sulphuratus,Great Kiskadee,XC586393.ogg,19,2,14
grekis,Pitangus sulphuratus,Great Kiskadee,XC595064.ogg,86,16,14
grekis,Pitangus sulphuratus,Great Kiskadee,XC616853.ogg,32,5,14
grekis,Pitangus sulphuratus,Great Kiskadee,XC616856.ogg,32,14,14
grekis,Pitangus sulphuratus,Great Kiskadee,XC78181.ogg,27,11,14
grekis,Pitangus sulphuratus,Great Kiskadee,XC78182.ogg,27,1,14
grekis,Pitangus sulphuratus,Great Kiskadee,XC82345.ogg,105,1,14
houwre,Troglodytes aedon,House Wren,XC112710.ogg,79,3,24
houwre,Troglodytes aedon,House Wren,XC11540.ogg,149,4,24
houwre,Troglodytes aedon,House Wren,XC147046.ogg,169,3,24
houwre,Troglodytes aedon,House Wren,XC147047.ogg,169,2,24
houwre,Troglodytes aedon,House Wren,XC150495.ogg,48,2,24
houwre,Troglodytes aedon,House Wren,XC157210.ogg,201,4,24
houwre,Troglodytes aedon,House Wren,XC16178.ogg,153,2,24
houwre,Troglodytes aedon,House Wren,XC1634.ogg,189,8,24
houwre,Troglodytes aedon,House Wren,XC1641.ogg,189,5,24
houwre,Troglodytes aedon,House Wren,XC1649.ogg,189,2,24
houwre,Troglodytes aedon,House Wren,XC174713.ogg,111,3,24
houwre,Troglodytes aedon,House Wren,XC195817.ogg,83,2,24
houwre,Troglodytes aedon,House Wren,XC210142.ogg,177,10,24
houwre,Troglodytes aedon,House Wren,XC212264.ogg,85,3,24
houwre,Troglodytes aedon,House Wren,XC212441.ogg,74,18,24
houwre,Troglodytes aedon,House Wren,XC212442.ogg,74,11,24
houwre,Troglodytes aedon,House Wren,XC212443.ogg,74,5,24
houwre,Troglodytes aedon,House Wren,XC287701.ogg,10,42,24
houwre,Troglodytes aedon,House Wren,XC288822.ogg,153,20,24
houwre,Troglodytes aedon,House Wren,XC295917.ogg,185,4,24
houwre,Troglodytes aedon,House Wren,XC313652.ogg,38,5,24
houwre,Troglodytes aedon,House Wren,XC32469.ogg,153,8,24
houwre,Troglodytes aedon,House Wren,XC32515.ogg,153,2,24
houwre,Troglodytes aedon,House Wren,XC331308.ogg,76,4,24
houwre,Troglodytes aedon,House Wren,XC336409.ogg,68,9,24
houwre,Troglodytes aedon,House Wren,XC336415.ogg,68,6,24
houwre,Troglodytes aedon,House Wren,XC342583.ogg,150,3,24
houwre,Troglodytes aedon,House Wren,XC344476.ogg,105,4,24
houwre,Troglodytes aedon,House Wren,XC374375.ogg,45,3,24
houwre,Troglodytes aedon,House Wren,XC379340.ogg,45,1,24
houwre,Troglodytes aedon,House Wren,XC386603.ogg,45,1,24
houwre,Troglodytes aedon,House Wren,XC390314.ogg,22,17,24
houwre,Troglodytes aedon,House Wren,XC394535.ogg,80,11,24
houwre,Troglodytes aedon,House Wren,XC396556.ogg,209,1,24
houwre,Troglodytes aedon,House Wren,XC396605.ogg,209,4,24
houwre,Troglodytes aedon,House Wren,XC396629.ogg,209,3,24
houwre,Troglodytes aedon,House Wren,XC402643.ogg,195,4,24
houwre,Troglodytes aedon,House Wren,XC414173.ogg,102,7,24
houwre,Troglodytes aedon,House Wren,XC421856.ogg,74,19,24
houwre,Troglodytes aedon,House Wren,XC436871.ogg,45,14,24
houwre,Troglodytes aedon,House Wren,XC454941.ogg,102,9,24
houwre,Troglodytes aedon,House Wren,XC458436.ogg,102,2,24
houwre,Troglodytes aedon,House Wren,XC470090.ogg,45,5,24
houwre,Troglodytes aedon,House Wren,XC498637.ogg,45,6,24
houwre,Troglodytes aedon,House Wren,XC498638.ogg,45,20,24
houwre,Troglodytes aedon,House Wren,XC504476.ogg,45,8,24
houwre,Troglodytes aedon,House Wren,XC506163.ogg,153,8,24
houwre,Troglodytes aedon,House Wren,XC507361.ogg,13,1,24
houwre,Troglodytes aedon,House Wren,XC508100.ogg,209,3,24
houwre,Troglodytes aedon,House Wren,XC512739.ogg,80,7,24
houwre,Troglodytes aedon,House Wren,XC541217.ogg,102,9,24
houwre,Troglodytes aedon,House Wren,XC571025.ogg,45,2,24
houwre,Troglodytes aedon,House Wren,XC574791.ogg,135,22,24
houwre,Troglodytes aedon,House Wren,XC577104.ogg,102,5,24
houwre,Troglodytes aedon,House Wren,XC583621.ogg,45,2,24
houwre,Troglodytes aedon,House Wren,XC583623.ogg,45,9,24
houwre,Troglodytes aedon,House Wren,XC583896.ogg,80,6,24
houwre,Troglodytes aedon,House Wren,XC584990.ogg,99,2,24
houwre,Troglodytes aedon,House Wren,XC585847.ogg,99,3,24
houwre,Troglodytes aedon,House Wren,XC589030.ogg,80,4,24
houwre,Troglodytes aedon,House Wren,XC589883.ogg,133,5,24
houwre,Troglodytes aedon,House Wren,XC590604.ogg,45,4,24
houwre,Troglodytes aedon,House Wren,XC590621.ogg,45,17,24
houwre,Troglodytes aedon,House Wren,XC590622.ogg,45,46,24
houwre,Troglodytes aedon,House Wren,XC590623.ogg,45,43,24
houwre,Troglodytes aedon,House Wren,XC592930.ogg,133,2,24
houwre,Troglodytes aedon,House Wren,XC603268.ogg,51,7,24
houwre,Troglodytes aedon,House Wren,XC616064.ogg,99,4,24
houwre,Troglodytes aedon,House Wren,XC616065.ogg,205,3,24
linwoo1,Dryocopus lineatus,Lineated Woodpecker,XC174648.ogg,59,2,4
linwoo1,Dryocopus lineatus,Lineated Woodpecker,XC176365.ogg,69,10,4
linwoo1,Dryocopus lineatus,Lineated Woodpecker,XC186265.ogg,74,11,4
linwoo1,Dryocopus lineatus,Lineated Woodpecker,XC186266.ogg,74,5,4
linwoo1,Dryocopus lineatus,Lineated Woodpecker,XC199145.ogg,83,4,4
linwoo1,Dryocopus lineatus,Lineated Woodpecker,XC242671.ogg,16,8,4
linwoo1,Dryocopus lineatus,Lineated Woodpecker,XC288382.ogg,132,4,4
linwoo1,Dryocopus lineatus,Lineated Woodpecker,XC299175.ogg,74,3,4
linwoo1,Dryocopus lineatus,Lineated Woodpecker,XC310760.ogg,105,8,4
linwoo1,Dryocopus lineatus,Lineated Woodpecker,XC328919.ogg,193,2,4
linwoo1,Dryocopus lineatus,Lineated Woodpecker,XC342878.ogg,105,38,4
linwoo1,Dryocopus lineatus,Lineated Woodpecker,XC418614.ogg,102,1,4
linwoo1,Dryocopus lineatus,Lineated Woodpecker,XC423606.ogg,130,2,4
linwoo1,Dryocopus lineatus,Lineated Woodpecker,XC428353.ogg,196,8,4
linwoo1,Dryocopus lineatus,Lineated Woodpecker,XC440193.ogg,90,8,4
linwoo1,Dryocopus lineatus,Lineated Woodpecker,XC475559.ogg,80,8,4
linwoo1,Dryocopus lineatus,Lineated Woodpecker,XC487246.ogg,147,1,4
linwoo1,Dryocopus lineatus,Lineated Woodpecker,XC509391.ogg,124,8,4
linwoo1,Dryocopus lineatus,Lineated Woodpecker,XC513622.ogg,19,1,4
linwoo1,Dryocopus lineatus,Lineated Woodpecker,XC52599.ogg,24,1,4
linwoo1,Dryocopus lineatus,Lineated Woodpecker,XC52600.ogg,24,2,4
linwoo1,Dryocopus lineatus,Lineated Woodpecker,XC565171.ogg,102,8,4
linwoo1,Dryocopus lineatus,Lineated Woodpecker,XC585445.ogg,54,3,4
linwoo1,Dryocopus lineatus,Lineated Woodpecker,XC591264.ogg,102,2,4
linwoo1,Dryocopus lineatus,Lineated Woodpecker,XC599026.ogg,124,2,4
linwoo1,Dryocopus lineatus,Lineated Woodpecker,XC85089.ogg,105,2,4
oliwoo1,Sittasomus griseicapillus,Olivaceous Woodcreeper,XC114492.ogg,107,16,19
oliwoo1,Sittasomus griseicapillus,Olivaceous Woodcreeper,XC114493.ogg,107,19,19
oliwoo1,Sittasomus griseicapillus,Olivaceous Woodcreeper,XC133634.ogg,166,1,19
oliwoo1,Sittasomus griseicapillus,Olivaceous Woodcreeper,XC1535.ogg,189,1,19
oliwoo1,Sittasomus griseicapillus,Olivaceous Woodcreeper,XC157401.ogg,18,4,19
oliwoo1,Sittasomus griseicapillus,Olivaceous Woodcreeper,XC166047.ogg,114,2,19
oliwoo1,Sittasomus griseicapillus,Olivaceous Woodcreeper,XC1661.ogg,189,5,19
oliwoo1,Sittasomus griseicapillus,Olivaceous Woodcreeper,XC166272.ogg,18,2,19
oliwoo1,Sittasomus griseicapillus,Olivaceous Woodcreeper,XC1676.ogg,189,13,19
oliwoo1,Sittasomus griseicapillus,Olivaceous Woodcreeper,XC1677.ogg,189,1,19
oliwoo1,Sittasomus griseicapillus,Olivaceous Woodcreeper,XC176523.ogg,59,1,19
oliwoo1,Sittasomus griseicapillus,Olivaceous Woodcreeper,XC176600.ogg,176,1,19
oliwoo1,Sittasomus griseicapillus,Olivaceous Woodcreeper,XC179296.ogg,15,1,19
oliwoo1,Sittasomus griseicapillus,Olivaceous Woodcreeper,XC192333.ogg,198,5,19
oliwoo1,Sittasomus griseicapillus,Olivaceous Woodcreeper,XC254520.ogg,105,1,19
oliwoo1,Sittasomus griseicapillus,Olivaceous Woodcreeper,XC254529.ogg,105,7,19
oliwoo1,Sittasomus griseicapillus,Olivaceous Woodcreeper,XC254601.ogg,105,10,19
oliwoo1,Sittasomus griseicapillus,Olivaceous Woodcreeper,XC29152.ogg,153,1,19
oliwoo1,Sittasomus griseicapillus,Olivaceous Woodcreeper,XC29154.ogg,153,1,19
oliwoo1,Sittasomus griseicapillus,Olivaceous Woodcreeper,XC29155.ogg,153,2,19
oliwoo1,Sittasomus griseicapillus,Olivaceous Woodcreeper,XC294732.ogg,59,5,19
oliwoo1,Sittasomus griseicapillus,Olivaceous Woodcreeper,XC299048.ogg,74,4,19
oliwoo1,Sittasomus griseicapillus,Olivaceous Woodcreeper,XC325750.ogg,74,2,19
oliwoo1,Sittasomus griseicapillus,Olivaceous Woodcreeper,XC325760.ogg,74,11,19
oliwoo1,Sittasomus griseicapillus,Olivaceous Woodcreeper,XC329794.ogg,105,6,19
oliwoo1,Sittasomus griseicapillus,Olivaceous Woodcreeper,XC333059.ogg,59,5,19
oliwoo1,Sittasomus griseicapillus,Olivaceous Woodcreeper,XC361122.ogg,153,4,19
oliwoo1,Sittasomus griseicapillus,Olivaceous Woodcreeper,XC361124.ogg,153,5,19
oliwoo1,Sittasomus griseicapillus,Olivaceous Woodcreeper,XC365746.ogg,29,4,19
oliwoo1,Sittasomus griseicapillus,Olivaceous Woodcreeper,XC403832.ogg,102,1,19
oliwoo1,Sittasomus griseicapillus,Olivaceous Woodcreeper,XC403833.ogg,102,5,19
oliwoo1,Sittasomus griseicapillus,Olivaceous Woodcreeper,XC421810.ogg,74,7,19
oliwoo1,Sittasomus griseicapillus,Olivaceous Woodcreeper,XC432357.ogg,102,6,19
oliwoo1,Sittasomus griseicapillus,Olivaceous Woodcreeper,XC435443.ogg,102,1,19
oliwoo1,Sittasomus griseicapillus,Olivaceous Woodcreeper,XC435444.ogg,102,5,19
oliwoo1,Sittasomus griseicapillus,Olivaceous Woodcreeper,XC435648.ogg,130,9,19
oliwoo1,Sittasomus griseicapillus,Olivaceous Woodcreeper,XC464745.ogg,196,1,19
oliwoo1,Sittasomus griseicapillus,Olivaceous Woodcreeper,XC474738.ogg,80,2,19
oliwoo1,Sittasomus griseicapillus,Olivaceous Woodcreeper,XC476260.ogg,80,1,19
oliwoo1,Sittasomus griseicapillus,Olivaceous Woodcreeper,XC479867.ogg,102,2,19
oliwoo1,Sittasomus griseicapillus,Olivaceous Woodcreeper,XC479887.ogg,80,2,19
oliwoo1,Sittasomus griseicapillus,Olivaceous Woodcreeper,XC483476.ogg,147,5,19
oliwoo1,Sittasomus griseicapillus,Olivaceous Woodcreeper,XC483479.ogg,147,1,19
oliwoo1,Sittasomus griseicapillus,Olivaceous Woodcreeper,XC483481.ogg,147,23,19
oliwoo1,Sittasomus griseicapillus,Olivaceous Woodcreeper,XC52571.ogg,24,1,19
oliwoo1,Sittasomus griseicapillus,Olivaceous Woodcreeper,XC550531.ogg,24,4,19
oliwoo1,Sittasomus griseicapillus,Olivaceous Woodcreeper,XC550532.ogg,24,1,19
oliwoo1,Sittasomus griseicapillus,Olivaceous Woodcreeper,XC550533.ogg,24,1,19
oliwoo1,Sittasomus griseicapillus,Olivaceous Woodcreeper,XC550534.ogg,24,2,19
oliwoo1,Sittasomus griseicapillus,Olivaceous Woodcreeper,XC5513.ogg,28,1,19
oliwoo1,Sittasomus griseicapillus,Olivaceous Woodcreeper,XC565150.ogg,102,1,19
oliwoo1,Sittasomus griseicapillus,Olivaceous Woodcreeper,XC586509.ogg,80,1,19
oliwoo1,Sittasomus griseicapillus,Olivaceous Woodcreeper,XC586513.ogg,80,1,19
oliwoo1,Sittasomus griseicapillus,Olivaceous Woodcreeper,XC587327.ogg,80,1,19
oliwoo1,Sittasomus griseicapillus,Olivaceous Woodcreeper,XC587328.ogg,80,1,19
oliwoo1,Sittasomus griseicapillus,Olivaceous Woodcreeper,XC592804.ogg,133,3,19
oliwoo1,Sittasomus griseicapillus,Olivaceous Woodcreeper,XC614631.ogg,68,4,19
oliwoo1,Sittasomus griseicapillus,Olivaceous Woodcreeper,XC70844.ogg,53,9,19
pirfly1,Legatus leucophaius,Piratic Flycatcher,XC114755.ogg,43,4,7
pirfly1,Legatus leucophaius,Piratic Flycatcher,XC14581.ogg,149,6,7
pirfly1,Legatus leucophaius,Piratic Flycatcher,XC170466.ogg,18,7,7
pirfly1,Legatus leucophaius,Piratic Flycatcher,XC174296.ogg,59,3,7
pirfly1,Legatus leucophaius,Piratic Flycatcher,XC176292.ogg,111,4,7
pirfly1,Legatus leucophaius,Piratic Flycatcher,XC187991.ogg,134,7,7
pirfly1,Legatus leucophaius,Piratic Flycatcher,XC196097.ogg,16,7,7
pirfly1,Legatus leucophaius,Piratic Flycatcher,XC199221.ogg,83,2,7
pirfly1,Legatus leucophaius,Piratic Flycatcher,XC202263.ogg,113,5,7
pirfly1,Legatus leucophaius,Piratic Flycatcher,XC206136.ogg,105,4,7
pirfly1,Legatus leucophaius,Piratic Flycatcher,XC2577.ogg,189,5,7
pirfly1,Legatus leucophaius,Piratic Flycatcher,XC299076.ogg,74,10,7
pirfly1,Legatus leucophaius,Piratic Flycatcher,XC32307.ogg,153,3,7
pirfly1,Legatus leucophaius,Piratic Flycatcher,XC345972.ogg,167,24,7
pirfly1,Legatus leucophaius,Piratic Flycatcher,XC395322.ogg,114,5,7
pirfly1,Legatus leucophaius,Piratic Flycatcher,XC401102.ogg,30,0,7
pirfly1,Legatus leucophaius,Piratic Flycatcher,XC407701.ogg,102,2,7
pirfly1,Legatus leucophaius,Piratic Flycatcher,XC447911.ogg,196,4,7
pirfly1,Legatus leucophaius,Piratic Flycatcher,XC471082.ogg,182,2,7
pirfly1,Legatus leucophaius,Piratic Flycatcher,XC506364.ogg,102,2,7
pirfly1,Legatus leucophaius,Piratic Flycatcher,XC51023.ogg,24,3,7
pirfly1,Legatus leucophaius,Piratic Flycatcher,XC521871.ogg,128,13,7
pirfly1,Legatus leucophaius,Piratic Flycatcher,XC82142.ogg,105,3,7
plupig2,Patagioenas plumbea,Plumbeous Pigeon,XC112625.ogg,177,5,13
plupig2,Patagioenas plumbea,Plumbeous Pigeon,XC144349.ogg,17,9,13
plupig2,Patagioenas plumbea,Plumbeous Pigeon,XC144350.ogg,17,3,13
plupig2,Patagioenas plumbea,Plumbeous Pigeon,XC149971.ogg,48,15,13
plupig2,Patagioenas plumbea,Plumbeous Pigeon,XC155976.ogg,48,7,13
plupig2,Patagioenas plumbea,Plumbeous Pigeon,XC1630.ogg,189,7,13
plupig2,Patagioenas plumbea,Plumbeous Pigeon,XC174382.ogg,59,4,13
plupig2,Patagioenas plumbea,Plumbeous Pigeon,XC181670.ogg,17,2,13
plupig2,Patagioenas plumbea,Plumbeous Pigeon,XC187449.ogg,134,3,13
plupig2,Patagioenas plumbea,Plumbeous Pigeon,XC206841.ogg,113,5,13
plupig2,Patagioenas plumbea,Plumbeous Pigeon,XC294699.ogg,59,1,13
plupig2,Patagioenas plumbea,Plumbeous Pigeon,XC297688.ogg,118,8,13
plupig2,Patagioenas plumbea,Plumbeous Pigeon,XC299697.ogg,74,3,13
plupig2,Patagioenas plumbea,Plumbeous Pigeon,XC299704.ogg,74,3,13
plupig2,Patagioenas plumbea,Plumbeous Pigeon,XC345974.ogg,167,7,13
plupig2,Patagioenas plumbea,Plumbeous Pigeon,XC351188.ogg,93,2,13
plupig2,Patagioenas plumbea,Plumbeous Pigeon,XC377343.ogg,193,6,13
plupig2,Patagioenas plumbea,Plumbeous Pigeon,XC377344.ogg,193,2,13
plupig2,Patagioenas plumbea,Plumbeous Pigeon,XC400175.ogg,30,2,13
plupig2,Patagioenas plumbea,Plumbeous Pigeon,XC43921.ogg,145,4,13
plupig2,Patagioenas plumbea,Plumbeous Pigeon,XC44401.ogg,145,2,13
plupig2,Patagioenas plumbea,Plumbeous Pigeon,XC44404.ogg,145,2,13
plupig2,Patagioenas plumbea,Plumbeous Pigeon,XC482968.ogg,128,8,13
plupig2,Patagioenas plumbea,Plumbeous Pigeon,XC607314.ogg,179,6,13
plupig2,Patagioenas plumbea,Plumbeous Pigeon,XC73445.ogg,110,5,13
plupig2,Patagioenas plumbea,Plumbeous Pigeon,XC73446.ogg,110,4,13
plupig2,Patagioenas plumbea,Plumbeous Pigeon,XC84595.ogg,105,5,13
plupig2,Patagioenas plumbea,Plumbeous Pigeon,XC85020.ogg,105,2,13
rcatan1,Habia rubica,Red-crowned Ant-Tanager,XC123239.ogg,81,7,6
rcatan1,Habia rubica,Red-crowned Ant-Tanager,XC133977.ogg,166,4,6
rcatan1,Habia rubica,Red-crowned Ant-Tanager,XC150255.ogg,125,8,6
rcatan1,Habia rubica,Red-crowned Ant-Tanager,XC166032.ogg,114,12,6
rcatan1,Habia rubica,Red-crowned Ant-Tanager,XC173298.ogg,59,1,6
rcatan1,Habia rubica,Red-crowned Ant-Tanager,XC175252.ogg,15,3,6
rcatan1,Habia rubica,Red-crowned Ant-Tanager,XC187923.ogg,134,3,6
rcatan1,Habia rubica,Red-crowned Ant-Tanager,XC190824.ogg,113,2,6
rcatan1,Habia rubica,Red-crowned Ant-Tanager,XC198638.ogg,186,12,6
rcatan1,Habia rubica,Red-crowned Ant-Tanager,XC216455.ogg,105,11,6
rcatan1,Habia rubica,Red-crowned Ant-Tanager,XC248093.ogg,125,6,6
rcatan1,Habia rubica,Red-crowned Ant-Tanager,XC252250.ogg,113,2,6
rcatan1,Habia rubica,Red-crowned Ant-Tanager,XC279107.ogg,123,7,6
rcatan1,Habia rubica,Red-crowned Ant-Tanager,XC286484.ogg,170,2,6
rcatan1,Habia rubica,Red-crowned Ant-Tanager,XC292355.ogg,125,2,6
rcatan1,Habia rubica,Red-crowned Ant-Tanager,XC294685.ogg,59,3,6
rcatan1,Habia rubica,Red-crowned Ant-Tanager,XC299620.ogg,74,8,6
rcatan1,Habia rubica,Red-crowned Ant-Tanager,XC308605.ogg,120,2,6
rcatan1,Habia rubica,Red-crowned Ant-Tanager,XC347740.ogg,177,2,6
rcatan1,Habia rubica,Red-crowned Ant-Tanager,XC347741.ogg,177,6,6
rcatan1,Habia rubica,Red-crowned Ant-Tanager,XC349310.ogg,179,8,6
rcatan1,Habia rubica,Red-crowned Ant-Tanager,XC379137.ogg,21,7,6
rcatan1,Habia rubica,Red-crowned Ant-Tanager,XC410732.ogg,81,5,6
rcatan1,Habia rubica,Red-crowned Ant-Tanager,XC417035.ogg,196,2,6
rcatan1,Habia rubica,Red-crowned Ant-Tanager,XC421431.ogg,74,9,6
rcatan1,Habia rubica,Red-crowned Ant-Tanager,XC422936.ogg,74,11,6
rcatan1,Habia rubica,Red-crowned Ant-Tanager,XC427432.ogg,35,10,6
rcatan1,Habia rubica,Red-crowned Ant-Tanager,XC4635.ogg,28,2,6
rcatan1,Habia rubica,Red-crowned Ant-Tanager,XC469337.ogg,102,2,6
rcatan1,Habia rubica,Red-crowned Ant-Tanager,XC469338.ogg,102,2,6
rcatan1,Habia rubica,Red-crowned Ant-Tanager,XC47060.ogg,24,4,6
rcatan1,Habia rubica,Red-crowned Ant-Tanager,XC47061.ogg,24,3,6
rcatan1,Habia rubica,Red-crowned Ant-Tanager,XC491627.ogg,4,6,6
rcatan1,Habia rubica,Red-crowned Ant-Tanager,XC499695.ogg,157,12,6
rcatan1,Habia rubica,Red-crowned Ant-Tanager,XC511251.ogg,80,14,6
rcatan1,Habia rubica,Red-crowned Ant-Tanager,XC545184.ogg,127,2,6
rcatan1,Habia rubica,Red-crowned Ant-Tanager,XC5528.ogg,28,2,6
rcatan1,Habia rubica,Red-crowned Ant-Tanager,XC585003.ogg,80,3,6
rcatan1,Habia rubica,Red-crowned Ant-Tanager,XC589312.ogg,135,25,6
rcatan1,Habia rubica,Red-crowned Ant-Tanager,XC599022.ogg,124,7,6
rcatan1,Habia rubica,Red-crowned Ant-Tanager,XC75569.ogg,53,15,6
rcatan1,Habia rubica,Red-crowned Ant-Tanager,XC84543.ogg,105,3,6
rcatan1,Habia rubica,Red-crowned Ant-Tanager,XC84544.ogg,105,5,6
rcatan1,Habia rubica,Red-crowned Ant-Tanager,XC84545.ogg,105,3,6
rcatan1,Habia rubica,Red-crowned Ant-Tanager,XC84546.ogg,105,5,6
roahaw,Rupornis magnirostris,Roadside Hawk,XC146980.ogg,169,3,15
roahaw,Rupornis magnirostris,Roadside Hawk,XC1586.ogg,189,7,15
roahaw,Rupornis magnirostris,Roadside Hawk,XC171685.ogg,81,4,15
roahaw,Rupornis magnirostris,Roadside Hawk,XC174808.ogg,111,1,15
roahaw,Rupornis magnirostris,Roadside Hawk,XC176503.ogg,59,6,15
roahaw,Rupornis magnirostris,Roadside Hawk,XC184575.ogg,17,6,15
roahaw,Rupornis magnirostris,Roadside Hawk,XC19527.ogg,153,4,15
roahaw,Rupornis magnirostris,Roadside Hawk,XC1953.ogg,189,4,15
roahaw,Rupornis magnirostris,Roadside Hawk,XC205127.ogg,198,4,15
roahaw,Rupornis magnirostris,Roadside Hawk,XC214508.ogg,168,4,15
roahaw,Rupornis magnirostris,Roadside Hawk,XC286669.ogg,132,4,15
roahaw,Rupornis magnirostris,Roadside Hawk,XC29073.ogg,153,9,15
roahaw,Rupornis magnirostris,Roadside Hawk,XC294667.ogg,59,3,15
roahaw,Rupornis magnirostris,Roadside Hawk,XC299637.ogg,163,6,15
roahaw,Rupornis magnirostris,Roadside Hawk,XC299640.ogg,163,13,15
roahaw,Rupornis magnirostris,Roadside Hawk,XC325906.ogg,74,8,15
roahaw,Rupornis magnirostris,Roadside Hawk,XC343909.ogg,150,4,15
roahaw,Rupornis magnirostris,Roadside Hawk,XC347762.ogg,177,3,15
roahaw,Rupornis magnirostris,Roadside Hawk,XC414814.ogg,102,2,15
roahaw,Rupornis magnirostris,Roadside Hawk,XC414815.ogg,102,2,15
roahaw,Rupornis magnirostris,Roadside Hawk,XC452491.ogg,130,8,15
roahaw,Rupornis magnirostris,Roadside Hawk,XC488981.ogg,20,9,15
roahaw,Rupornis magnirostris,Roadside Hawk,XC498206.ogg,102,2,15
roahaw,Rupornis magnirostris,Roadside Hawk,XC51320.ogg,24,2,15
roahaw,Rupornis magnirostris,Roadside Hawk,XC51325.ogg,24,2,15
roahaw,Rupornis magnirostris,Roadside Hawk,XC513620.ogg,19,10,15
roahaw,Rupornis magnirostris,Roadside Hawk,XC518784.ogg,102,1,15
roahaw,Rupornis magnirostris,Roadside Hawk,XC545187.ogg,127,2,15
roahaw,Rupornis magnirostris,Roadside Hawk,XC556087.ogg,102,3,15
roahaw,Rupornis magnirostris,Roadside Hawk,XC574591.ogg,80,25,15
roahaw,Rupornis magnirostris,Roadside Hawk,XC607848.ogg,80,2,15
roahaw,Rupornis magnirostris,Roadside Hawk,XC615929.ogg,32,17,15
roahaw,Rupornis magnirostris,Roadside Hawk,XC78196.ogg,27,8,15
roahaw,Rupornis magnirostris,Roadside Hawk,XC78197.ogg,27,6,15
roahaw,Rupornis magnirostris,Roadside Hawk,XC78198.ogg,27,12,15
roahaw,Rupornis magnirostris,Roadside Hawk,XC84956.ogg,105,2,15
roahaw,Rupornis magnirostris,Roadside Hawk,XC85408.ogg,105,4,15
roahaw,Rupornis magnirostris,Roadside Hawk,XC85409.ogg,105,3,15
rubpep1,Cyclarhis gujanensis,Rufous-browed Peppershrike,XC116392.ogg,14,3,3
rubpep1,Cyclarhis gujanensis,Rufous-browed Peppershrike,XC123197.ogg,81,2,3
rubpep1,Cyclarhis gujanensis,Rufous-browed Peppershrike,XC128623.ogg,65,17,3
rubpep1,Cyclarhis gujanensis,Rufous-browed Peppershrike,XC149228.ogg,17,12,3
rubpep1,Cyclarhis gujanensis,Rufous-browed Peppershrike,XC150915.ogg,166,6,3
rubpep1,Cyclarhis gujanensis,Rufous-browed Peppershrike,XC153573.ogg,48,1,3
rubpep1,Cyclarhis gujanensis,Rufous-browed Peppershrike,XC157396.ogg,18,6,3
rubpep1,Cyclarhis gujanensis,Rufous-browed Peppershrike,XC16216.ogg,153,1,3
rubpep1,Cyclarhis gujanensis,Rufous-browed Peppershrike,XC162453.ogg,17,2,3
rubpep1,Cyclarhis gujanensis,Rufous-browed Peppershrike,XC166263.ogg,18,2,3
rubpep1,Cyclarhis gujanensis,Rufous-browed Peppershrike,XC166264.ogg,18,2,3
rubpep1,Cyclarhis gujanensis,Rufous-browed Peppershrike,XC1702.ogg,189,9,3
rubpep1,Cyclarhis gujanensis,Rufous-browed Peppershrike,XC171162.ogg,81,2,3
rubpep1,Cyclarhis gujanensis,Rufous-browed Peppershrike,XC171166.ogg,81,5,3
rubpep1,Cyclarhis gujanensis,Rufous-browed Peppershrike,XC173978.ogg,59,4,3
rubpep1,Cyclarhis gujanensis,Rufous-browed Peppershrike,XC174810.ogg,111,6,3
rubpep1,Cyclarhis gujanensis,Rufous-browed Peppershrike,XC177793.ogg,17,7,3
rubpep1,Cyclarhis gujanensis,Rufous-browed Peppershrike,XC182615.ogg,17,5,3
rubpep1,Cyclarhis gujanensis,Rufous-browed Peppershrike,XC186209.ogg,74,5,3
rubpep1,Cyclarhis gujanensis,Rufous-browed Peppershrike,XC186210.ogg,74,4,3
rubpep1,Cyclarhis gujanensis,Rufous-browed Peppershrike,XC186211.ogg,74,5,3
rubpep1,Cyclarhis gujanensis,Rufous-browed Peppershrike,XC186230.ogg,74,5,3
rubpep1,Cyclarhis gujanensis,Rufous-browed Peppershrike,XC187804.ogg,113,5,3
rubpep1,Cyclarhis gujanensis,Rufous-browed Peppershrike,XC188004.ogg,134,3,3
rubpep1,Cyclarhis gujanensis,Rufous-browed Peppershrike,XC19955.ogg,153,5,3
rubpep1,Cyclarhis gujanensis,Rufous-browed Peppershrike,XC2167.ogg,189,6,3
rubpep1,Cyclarhis gujanensis,Rufous-browed Peppershrike,XC233193.ogg,122,6,3
rubpep1,Cyclarhis gujanensis,Rufous-browed Peppershrike,XC241111.ogg,120,2,3
rubpep1,Cyclarhis gujanensis,Rufous-browed Peppershrike,XC244497.ogg,122,29,3
rubpep1,Cyclarhis gujanensis,Rufous-browed Peppershrike,XC247454.ogg,190,5,3
rubpep1,Cyclarhis gujanensis,Rufous-browed Peppershrike,XC268685.ogg,190,2,3
rubpep1,Cyclarhis gujanensis,Rufous-browed Peppershrike,XC278513.ogg,168,2,3
rubpep1,Cyclarhis gujanensis,Rufous-browed Peppershrike,XC278514.ogg,168,1,3
rubpep1,Cyclarhis gujanensis,Rufous-browed Peppershrike,XC295717.ogg,74,2,3
rubpep1,Cyclarhis gujanensis,Rufous-browed Peppershrike,XC304388.ogg,74,2,3
rubpep1,Cyclarhis gujanensis,Rufous-browed Peppershrike,XC316490.ogg,156,4,3
rubpep1,Cyclarhis gujanensis,Rufous-browed Peppershrike,XC320630.ogg,125,3,3
rubpep1,Cyclarhis gujanensis,Rufous-browed Peppershrike,XC32193.ogg,153,1,3
rubpep1,Cyclarhis gujanensis,Rufous-browed Peppershrike,XC32484.ogg,153,3,3
rubpep1,Cyclarhis gujanensis,Rufous-browed Peppershrike,XC32485.ogg,153,2,3
rubpep1,Cyclarhis gujanensis,Rufous-browed Peppershrike,XC342594.ogg,150,3,3
rubpep1,Cyclarhis gujanensis,Rufous-browed Peppershrike,XC363103.ogg,29,4,3
rubpep1,Cyclarhis gujanensis,Rufous-browed Peppershrike,XC364127.ogg,29,11,3
rubpep1,Cyclarhis gujanensis,Rufous-browed Peppershrike,XC368221.ogg,80,3,3
rubpep1,Cyclarhis gujanensis,Rufous-browed Peppershrike,XC38761.ogg,142,16,3
rubpep1,Cyclarhis gujanensis,Rufous-browed Peppershrike,XC393555.ogg,150,5,3
rubpep1,Cyclarhis gujanensis,Rufous-browed Peppershrike,XC398217.ogg,70,4,3
rubpep1,Cyclarhis gujanensis,Rufous-browed Peppershrike,XC401684.ogg,122,24,3
rubpep1,Cyclarhis gujanensis,Rufous-browed Peppershrike,XC419219.ogg,102,4,3
rubpep1,Cyclarhis gujanensis,Rufous-browed Peppershrike,XC419491.ogg,74,3,3
rubpep1,Cyclarhis gujanensis,Rufous-browed Peppershrike,XC421188.ogg,74,7,3
rubpep1,Cyclarhis gujanensis,Rufous-browed Peppershrike,XC421824.ogg,74,3,3
rubpep1,Cyclarhis gujanensis,Rufous-browed Peppershrike,XC421825.ogg,74,2,3
rubpep1,Cyclarhis gujanensis,Rufous-browed Peppershrike,XC427288.ogg,35,5,3
rubpep1,Cyclarhis gujanensis,Rufous-browed Peppershrike,XC430773.ogg,196,3,3
rubpep1,Cyclarhis gujanensis,Rufous-browed Peppershrike,XC433929.ogg,47,5,3
rubpep1,Cyclarhis gujanensis,Rufous-browed Peppershrike,XC439071.ogg,168,3,3
rubpep1,Cyclarhis gujanensis,Rufous-browed Peppershrike,XC441550.ogg,122,12,3
rubpep1,Cyclarhis gujanensis,Rufous-browed Peppershrike,XC445245.ogg,102,1,3
rubpep1,Cyclarhis gujanensis,Rufous-browed Peppershrike,XC454930.ogg,102,3,3
rubpep1,Cyclarhis gujanensis,Rufous-browed Peppershrike,XC4646.ogg,28,3,3
rubpep1,Cyclarhis gujanensis,Rufous-browed Peppershrike,XC491923.ogg,19,10,3
rubpep1,Cyclarhis gujanensis,Rufous-browed Peppershrike,XC502088.ogg,128,9,3
rubpep1,Cyclarhis gujanensis,Rufous-browed Peppershrike,XC51694.ogg,24,1,3
rubpep1,Cyclarhis gujanensis,Rufous-browed Peppershrike,XC51697.ogg,24,1,3
rubpep1,Cyclarhis gujanensis,Rufous-browed Peppershrike,XC51698.ogg,24,3,3
rubpep1,Cyclarhis gujanensis,Rufous-browed Peppershrike,XC547257.ogg,102,13,3
rubpep1,Cyclarhis gujanensis,Rufous-browed Peppershrike,XC566556.ogg,19,15,3
rubpep1,Cyclarhis gujanensis,Rufous-browed Peppershrike,XC572378.ogg,80,46,3
rubpep1,Cyclarhis gujanensis,Rufous-browed Peppershrike,XC575147.ogg,71,3,3
rubpep1,Cyclarhis gujanensis,Rufous-browed Peppershrike,XC575916.ogg,135,16,3
rubpep1,Cyclarhis gujanensis,Rufous-browed Peppershrike,XC576265.ogg,124,13,3
rubpep1,Cyclarhis gujanensis,Rufous-browed Peppershrike,XC576268.ogg,124,10,3
rubpep1,Cyclarhis gujanensis,Rufous-browed Peppershrike,XC591280.ogg,80,10,3
rubpep1,Cyclarhis gujanensis,Rufous-browed Peppershrike,XC599430.ogg,102,3,3
rubpep1,Cyclarhis gujanensis,Rufous-browed Peppershrike,XC602833.ogg,81,4,3
rubpep1,Cyclarhis gujanensis,Rufous-browed Peppershrike,XC616847.ogg,32,4,3
rubpep1,Cyclarhis gujanensis,Rufous-browed Peppershrike,XC616848.ogg,32,4,3
rubpep1,Cyclarhis gujanensis,Rufous-browed Peppershrike,XC63350.ogg,110,4,3
rubpep1,Cyclarhis gujanensis,Rufous-browed Peppershrike,XC82210.ogg,105,3,3
rubpep1,Cyclarhis gujanensis,Rufous-browed Peppershrike,XC82215.ogg,105,1,3
rubpep1,Cyclarhis gujanensis,Rufous-browed Peppershrike,XC82216.ogg,105,3,3
rucspa1,Zonotrichia capensis,Rufous-collared Sparrow,XC112733.ogg,50,4,26
rucspa1,Zonotrichia capensis,Rufous-collared Sparrow,XC113554.ogg,178,12,26
rucspa1,Zonotrichia capensis,Rufous-collared Sparrow,XC120810.ogg,140,22,26
rucspa1,Zonotrichia capensis,Rufous-collared Sparrow,XC143490.ogg,24,4,26
rucspa1,Zonotrichia capensis,Rufous-collared Sparrow,XC143491.ogg,24,7,26
rucspa1,Zonotrichia capensis,Rufous-collared Sparrow,XC145049.ogg,48,3,26
rucspa1,Zonotrichia capensis,Rufous-collared Sparrow,XC145437.ogg,48,2,26
rucspa1,Zonotrichia capensis,Rufous-collared Sparrow,XC145694.ogg,17,2,26
rucspa1,Zonotrichia capensis,Rufous-collared Sparrow,XC145727.ogg,17,2,26
rucspa1,Zonotrichia capensis,Rufous-collared Sparrow,XC149126.ogg,48,3,26
rucspa1,Zonotrichia capensis,Rufous-collared Sparrow,XC149663.ogg,48,6,26
rucspa1,Zonotrichia capensis,Rufous-collared Sparrow,XC155966.ogg,48,6,26
rucspa1,Zonotrichia capensis,Rufous-collared Sparrow,XC157215.ogg,201,9,26
rucspa1,Zonotrichia capensis,Rufous-collared Sparrow,XC157433.ogg,46,2,26
rucspa1,Zonotrichia capensis,Rufous-collared Sparrow,XC1610.ogg,189,5,26
rucspa1,Zonotrichia capensis,Rufous-collared Sparrow,XC166280.ogg,18,2,26
rucspa1,Zonotrichia capensis,Rufous-collared Sparrow,XC1725.ogg,189,2,26
rucspa1,Zonotrichia capensis,Rufous-collared Sparrow,XC1726.ogg,189,5,26
rucspa1,Zonotrichia capensis,Rufous-collared Sparrow,XC173317.ogg,59,7,26
rucspa1,Zonotrichia capensis,Rufous-collared Sparrow,XC1837.ogg,189,2,26
rucspa1,Zonotrichia capensis,Rufous-collared Sparrow,XC186856.ogg,112,5,26
rucspa1,Zonotrichia capensis,Rufous-collared Sparrow,XC195820.ogg,83,2,26
rucspa1,Zonotrichia capensis,Rufous-collared Sparrow,XC1973.ogg,189,10,26
rucspa1,Zonotrichia capensis,Rufous-collared Sparrow,XC1974.ogg,189,9,26
rucspa1,Zonotrichia capensis,Rufous-collared Sparrow,XC200411.ogg,75,2,26
rucspa1,Zonotrichia capensis,Rufous-collared Sparrow,XC202064.ogg,84,19,26
rucspa1,Zonotrichia capensis,Rufous-collared Sparrow,XC2047.ogg,189,2,26
rucspa1,Zonotrichia capensis,Rufous-collared Sparrow,XC212328.ogg,105,6,26
rucspa1,Zonotrichia capensis,Rufous-collared Sparrow,XC212745.ogg,153,5,26
rucspa1,Zonotrichia capensis,Rufous-collared Sparrow,XC247787.ogg,68,8,26
rucspa1,Zonotrichia capensis,Rufous-collared Sparrow,XC289911.ogg,203,3,26
rucspa1,Zonotrichia capensis,Rufous-collared Sparrow,XC296155.ogg,185,2,26
rucspa1,Zonotrichia capensis,Rufous-collared Sparrow,XC296531.ogg,81,5,26
rucspa1,Zonotrichia capensis,Rufous-collared Sparrow,XC32429.ogg,153,2,26
rucspa1,Zonotrichia capensis,Rufous-collared Sparrow,XC332375.ogg,105,1,26
rucspa1,Zonotrichia capensis,Rufous-collared Sparrow,XC335119.ogg,106,5,26
rucspa1,Zonotrichia capensis,Rufous-collared Sparrow,XC336416.ogg,68,4,26
rucspa1,Zonotrichia capensis,Rufous-collared Sparrow,XC342564.ogg,150,10,26
rucspa1,Zonotrichia capensis,Rufous-collared Sparrow,XC349679.ogg,105,2,26
rucspa1,Zonotrichia capensis,Rufous-collared Sparrow,XC354495.ogg,93,3,26
rucspa1,Zonotrichia capensis,Rufous-collared Sparrow,XC355657.ogg,45,9,26
rucspa1,Zonotrichia capensis,Rufous-collared Sparrow,XC364125.ogg,29,3,26
rucspa1,Zonotrichia capensis,Rufous-collared Sparrow,XC369868.ogg,29,3,26
rucspa1,Zonotrichia capensis,Rufous-collared Sparrow,XC379153.ogg,21,5,26
rucspa1,Zonotrichia capensis,Rufous-collared Sparrow,XC379341.ogg,45,2,26
rucspa1,Zonotrichia capensis,Rufous-collared Sparrow,XC390322.ogg,22,4,26
rucspa1,Zonotrichia capensis,Rufous-collared Sparrow,XC391056.ogg,80,11,26
rucspa1,Zonotrichia capensis,Rufous-collared Sparrow,XC396786.ogg,209,3,26
rucspa1,Zonotrichia capensis,Rufous-collared Sparrow,XC396871.ogg,209,3,26
rucspa1,Zonotrichia capensis,Rufous-collared Sparrow,XC397291.ogg,209,6,26
rucspa1,Zonotrichia capensis,Rufous-collared Sparrow,XC411741.ogg,29,9,26
rucspa1,Zonotrichia capensis,Rufous-collared Sparrow,XC413634.ogg,29,7,26
rucspa1,Zonotrichia capensis,Rufous-collared Sparrow,XC413673.ogg,29,9,26
rucspa1,Zonotrichia capensis,Rufous-collared Sparrow,XC414017.ogg,29,2,26
rucspa1,Zonotrichia capensis,Rufous-collared Sparrow,XC422161.ogg,102,2,26
rucspa1,Zonotrichia capensis,Rufous-collared Sparrow,XC424989.ogg,196,4,26
rucspa1,Zonotrichia capensis,Rufous-collared Sparrow,XC428169.ogg,35,1,26
rucspa1,Zonotrichia capensis,Rufous-collared Sparrow,XC445086.ogg,204,6,26
rucspa1,Zonotrichia capensis,Rufous-collared Sparrow,XC465157.ogg,102,2,26
rucspa1,Zonotrichia capensis,Rufous-collared Sparrow,XC466704.ogg,29,3,26
rucspa1,Zonotrichia capensis,Rufous-collared Sparrow,XC470206.ogg,29,6,26
rucspa1,Zonotrichia capensis,Rufous-collared Sparrow,XC470773.ogg,29,2,26
rucspa1,Zonotrichia capensis,Rufous-collared Sparrow,XC470880.ogg,29,5,26
rucspa1,Zonotrichia capensis,Rufous-collared Sparrow,XC471035.ogg,182,1,26
rucspa1,Zonotrichia capensis,Rufous-collared Sparrow,XC48760.ogg,142,4,26
rucspa1,Zonotrichia capensis,Rufous-collared Sparrow,XC48761.ogg,142,3,26
rucspa1,Zonotrichia capensis,Rufous-collared Sparrow,XC498642.ogg,45,5,26
rucspa1,Zonotrichia capensis,Rufous-collared Sparrow,XC503481.ogg,153,2,26
rucspa1,Zonotrichia capensis,Rufous-collared Sparrow,XC506304.ogg,153,4,26
rucspa1,Zonotrichia capensis,Rufous-collared Sparrow,XC506362.ogg,102,1,26
rucspa1,Zonotrichia capensis,Rufous-collared Sparrow,XC507275.ogg,153,13,26
rucspa1,Zonotrichia capensis,Rufous-collared Sparrow,XC510944.ogg,81,7,26
rucspa1,Zonotrichia capensis,Rufous-collared Sparrow,XC513033.ogg,19,4,26
rucspa1,Zonotrichia capensis,Rufous-collared Sparrow,XC52001.ogg,24,5,26
rucspa1,Zonotrichia capensis,Rufous-collared Sparrow,XC52004.ogg,24,2,26
rucspa1,Zonotrichia capensis,Rufous-collared Sparrow,XC52005.ogg,24,2,26
rucspa1,Zonotrichia capensis,Rufous-collared Sparrow,XC52007.ogg,24,3,26
rucspa1,Zonotrichia capensis,Rufous-collared Sparrow,XC52008.ogg,24,2,26
rucspa1,Zonotrichia capensis,Rufous-collared Sparrow,XC52015.ogg,24,2,26
rucspa1,Zonotrichia capensis,Rufous-collared Sparrow,XC521491.ogg,45,1,26
rucspa1,Zonotrichia capensis,Rufous-collared Sparrow,XC521519.ogg,45,4,26
rucspa1,Zonotrichia capensis,Rufous-collared Sparrow,XC537782.ogg,54,3,26
rucspa1,Zonotrichia capensis,Rufous-collared Sparrow,XC537786.ogg,54,8,26
rucspa1,Zonotrichia capensis,Rufous-collared Sparrow,XC568520.ogg,19,7,26
rucspa1,Zonotrichia capensis,Rufous-collared Sparrow,XC573562.ogg,80,9,26
rucspa1,Zonotrichia capensis,Rufous-collared Sparrow,XC575451.ogg,80,3,26
rucspa1,Zonotrichia capensis,Rufous-collared Sparrow,XC581009.ogg,45,5,26
rucspa1,Zonotrichia capensis,Rufous-collared Sparrow,XC589562.ogg,19,7,26
rucspa1,Zonotrichia capensis,Rufous-collared Sparrow,XC590598.ogg,45,5,26
rucspa1,Zonotrichia capensis,Rufous-collared Sparrow,XC590599.ogg,45,2,26
rucspa1,Zonotrichia capensis,Rufous-collared Sparrow,XC590600.ogg,45,2,26
rucspa1,Zonotrichia capensis,Rufous-collared Sparrow,XC598613.ogg,115,4,26
rucspa1,Zonotrichia capensis,Rufous-collared Sparrow,XC600446.ogg,192,6,26
rucspa1,Zonotrichia capensis,Rufous-collared Sparrow,XC603084.ogg,152,2,26
rucspa1,Zonotrichia capensis,Rufous-collared Sparrow,XC611403.ogg,54,6,26
rucspa1,Zonotrichia capensis,Rufous-collared Sparrow,XC84812.ogg,105,3,26
rucspa1,Zonotrichia capensis,Rufous-collared Sparrow,XC84815.ogg,105,4,26
rucspa1,Zonotrichia capensis,Rufous-collared Sparrow,XC84817.ogg,105,3,26
saffin,Sicalis flaveola,Saffron Finch,XC126991.ogg,48,2,18
saffin,Sicalis flaveola,Saffron Finch,XC127043.ogg,48,14,18
saffin,Sicalis flaveola,Saffron Finch,XC140999.ogg,49,1,18
saffin,Sicalis flaveola,Saffron Finch,XC170759.ogg,169,5,18
saffin,Sicalis flaveola,Saffron Finch,XC1768.ogg,189,5,18
saffin,Sicalis flaveola,Saffron Finch,XC197761.ogg,125,20,18
saffin,Sicalis flaveola,Saffron Finch,XC206957.ogg,125,14,18
saffin,Sicalis flaveola,Saffron Finch,XC212725.ogg,153,23,18
saffin,Sicalis flaveola,Saffron Finch,XC212769.ogg,153,4,18
saffin,Sicalis flaveola,Saffron Finch,XC215722.ogg,105,4,18
saffin,Sicalis flaveola,Saffron Finch,XC215723.ogg,105,0,18
saffin,Sicalis flaveola,Saffron Finch,XC2744.ogg,189,7,18
saffin,Sicalis flaveola,Saffron Finch,XC288336.ogg,132,3,18
saffin,Sicalis flaveola,Saffron Finch,XC314166.ogg,105,9,18
saffin,Sicalis flaveola,Saffron Finch,XC32291.ogg,153,2,18
saffin,Sicalis flaveola,Saffron Finch,XC323517.ogg,59,1,18
saffin,Sicalis flaveola,Saffron Finch,XC332194.ogg,105,6,18
saffin,Sicalis flaveola,Saffron Finch,XC342570.ogg,150,1,18
saffin,Sicalis flaveola,Saffron Finch,XC344621.ogg,105,8,18
saffin,Sicalis flaveola,Saffron Finch,XC345274.ogg,79,1,18
saffin,Sicalis flaveola,Saffron Finch,XC345707.ogg,21,2,18
saffin,Sicalis flaveola,Saffron Finch,XC353961.ogg,177,1,18
saffin,Sicalis flaveola,Saffron Finch,XC366345.ogg,29,9,18
saffin,Sicalis flaveola,Saffron Finch,XC394278.ogg,150,4,18
saffin,Sicalis flaveola,Saffron Finch,XC394279.ogg,150,10,18
saffin,Sicalis flaveola,Saffron Finch,XC397656.ogg,209,3,18
saffin,Sicalis flaveola,Saffron Finch,XC412071.ogg,102,6,18
saffin,Sicalis flaveola,Saffron Finch,XC412183.ogg,102,13,18
saffin,Sicalis flaveola,Saffron Finch,XC427952.ogg,35,2,18
saffin,Sicalis flaveola,Saffron Finch,XC443346.ogg,102,8,18
saffin,Sicalis flaveola,Saffron Finch,XC454938.ogg,96,18,18
saffin,Sicalis flaveola,Saffron Finch,XC458984.ogg,45,11,18
saffin,Sicalis flaveola,Saffron Finch,XC47489.ogg,153,5,18
saffin,Sicalis flaveola,Saffron Finch,XC48762.ogg,142,8,18
saffin,Sicalis flaveola,Saffron Finch,XC50967.ogg,24,3,18
saffin,Sicalis flaveola,Saffron Finch,XC50968.ogg,24,3,18
saffin,Sicalis flaveola,Saffron Finch,XC50969.ogg,24,5,18
saffin,Sicalis flaveola,Saffron Finch,XC50970.ogg,24,2,18
saffin,Sicalis flaveola,Saffron Finch,XC510939.ogg,81,3,18
saffin,Sicalis flaveola,Saffron Finch,XC521880.ogg,128,8,18
saffin,Sicalis flaveola,Saffron Finch,XC554175.ogg,13,2,18
saffin,Sicalis flaveola,Saffron Finch,XC556590.ogg,35,10,18
saffin,Sicalis flaveola,Saffron Finch,XC573151.ogg,80,5,18
saffin,Sicalis flaveola,Saffron Finch,XC592030.ogg,133,13,18
saffin,Sicalis flaveola,Saffron Finch,XC607187.ogg,80,11,18
saffin,Sicalis flaveola,Saffron Finch,XC64186.ogg,110,11,18
saffin,Sicalis flaveola,Saffron Finch,XC84689.ogg,105,5,18
saffin,Sicalis flaveola,Saffron Finch,XC84690.ogg,105,1,18
saffin,Sicalis flaveola,Saffron Finch,XC84691.ogg,105,5,18
saffin,Sicalis flaveola,Saffron Finch,XC84692.ogg,105,3,18
saffin,Sicalis flaveola,Saffron Finch,XC84693.ogg,105,3,18
saffin,Sicalis flaveola,Saffron Finch,XC84694.ogg,105,3,18
saffin,Sicalis flaveola,Saffron Finch,XC84696.ogg,105,4,18
sobtyr1,Camptostoma obsoletum,Southern Beardless-Tyrannulet,XC112712.ogg,153,20,1
sobtyr1,Camptostoma obsoletum,Southern Beardless-Tyrannulet,XC112713.ogg,153,12,1
sobtyr1,Camptostoma obsoletum,Southern Beardless-Tyrannulet,XC146975.ogg,169,3,1
sobtyr1,Camptostoma obsoletum,Southern Beardless-Tyrannulet,XC150916.ogg,166,3,1
sobtyr1,Camptostoma obsoletum,Southern Beardless-Tyrannulet,XC150917.ogg,166,3,1
sobtyr1,Camptostoma obsoletum,Southern Beardless-Tyrannulet,XC157391.ogg,18,2,1
sobtyr1,Camptostoma obsoletum,Southern Beardless-Tyrannulet,XC174812.ogg,111,7,1
sobtyr1,Camptostoma obsoletum,Southern Beardless-Tyrannulet,XC174813.ogg,111,2,1
sobtyr1,Camptostoma obsoletum,Southern Beardless-Tyrannulet,XC176886.ogg,59,1,1
sobtyr1,Camptostoma obsoletum,Southern Beardless-Tyrannulet,XC1769.ogg,189,3,1
sobtyr1,Camptostoma obsoletum,Southern Beardless-Tyrannulet,XC186093.ogg,74,8,1
sobtyr1,Camptostoma obsoletum,Southern Beardless-Tyrannulet,XC187982.ogg,134,5,1
sobtyr1,Camptostoma obsoletum,Southern Beardless-Tyrannulet,XC190823.ogg,113,2,1
sobtyr1,Camptostoma obsoletum,Southern Beardless-Tyrannulet,XC193223.ogg,44,2,1
sobtyr1,Camptostoma obsoletum,Southern Beardless-Tyrannulet,XC234335.ogg,168,1,1
sobtyr1,Camptostoma obsoletum,Southern Beardless-Tyrannulet,XC288778.ogg,168,2,1
sobtyr1,Camptostoma obsoletum,Southern Beardless-Tyrannulet,XC291664.ogg,105,4,1
sobtyr1,Camptostoma obsoletum,Southern Beardless-Tyrannulet,XC320634.ogg,125,2,1
sobtyr1,Camptostoma obsoletum,Southern Beardless-Tyrannulet,XC353959.ogg,177,5,1
sobtyr1,Camptostoma obsoletum,Southern Beardless-Tyrannulet,XC380948.ogg,49,5,1
sobtyr1,Camptostoma obsoletum,Southern Beardless-Tyrannulet,XC394644.ogg,80,4,1
sobtyr1,Camptostoma obsoletum,Southern Beardless-Tyrannulet,XC394645.ogg,80,4,1
sobtyr1,Camptostoma obsoletum,Southern Beardless-Tyrannulet,XC419301.ogg,102,2,1
sobtyr1,Camptostoma obsoletum,Southern Beardless-Tyrannulet,XC419310.ogg,102,4,1
sobtyr1,Camptostoma obsoletum,Southern Beardless-Tyrannulet,XC491920.ogg,19,5,1
sobtyr1,Camptostoma obsoletum,Southern Beardless-Tyrannulet,XC50528.ogg,24,2,1
sobtyr1,Camptostoma obsoletum,Southern Beardless-Tyrannulet,XC566554.ogg,19,10,1
sobtyr1,Camptostoma obsoletum,Southern Beardless-Tyrannulet,XC577957.ogg,13,2,1
sobtyr1,Camptostoma obsoletum,Southern Beardless-Tyrannulet,XC599432.ogg,102,3,1
sobtyr1,Camptostoma obsoletum,Southern Beardless-Tyrannulet,XC615591.ogg,68,8,1
sobtyr1,Camptostoma obsoletum,Southern Beardless-Tyrannulet,XC616305.ogg,68,8,1
sobtyr1,Camptostoma obsoletum,Southern Beardless-Tyrannulet,XC70852.ogg,53,2,1
sobtyr1,Camptostoma obsoletum,Southern Beardless-Tyrannulet,XC81494.ogg,105,4,1
sobtyr1,Camptostoma obsoletum,Southern Beardless-Tyrannulet,XC81496.ogg,105,4,1
soulap1,Vanellus chilensis,Southern Lapwing,XC116245.ogg,14,6,25
soulap1,Vanellus chilensis,Southern Lapwing,XC123935.ogg,81,1,25
soulap1,Vanellus chilensis,Southern Lapwing,XC144740.ogg,17,11,25
soulap1,Vanellus chilensis,Southern Lapwing,XC144878.ogg,17,1,25
soulap1,Vanellus chilensis,Southern Lapwing,XC146730.ogg,169,1,25
soulap1,Vanellus chilensis,Southern Lapwing,XC16003.ogg,153,5,25
soulap1,Vanellus chilensis,Southern Lapwing,XC171689.ogg,81,2,25
soulap1,Vanellus chilensis,Southern Lapwing,XC199139.ogg,83,2,25
soulap1,Vanellus chilensis,Southern Lapwing,XC216146.ogg,9,3,25
soulap1,Vanellus chilensis,Southern Lapwing,XC294690.ogg,59,1,25
soulap1,Vanellus chilensis,Southern Lapwing,XC296138.ogg,185,2,25
soulap1,Vanellus chilensis,Southern Lapwing,XC343265.ogg,150,8,25
soulap1,Vanellus chilensis,Southern Lapwing,XC347764.ogg,177,3,25
soulap1,Vanellus chilensis,Southern Lapwing,XC348490.ogg,105,3,25
soulap1,Vanellus chilensis,Southern Lapwing,XC355326.ogg,80,4,25
soulap1,Vanellus chilensis,Southern Lapwing,XC361137.ogg,153,5,25
soulap1,Vanellus chilensis,Southern Lapwing,XC374154.ogg,45,7,25
soulap1,Vanellus chilensis,Southern Lapwing,XC384669.ogg,45,1,25
soulap1,Vanellus chilensis,Southern Lapwing,XC384670.ogg,45,2,25
soulap1,Vanellus chilensis,Southern Lapwing,XC393398.ogg,150,10,25
soulap1,Vanellus chilensis,Southern Lapwing,XC395335.ogg,114,3,25
soulap1,Vanellus chilensis,Southern Lapwing,XC396559.ogg,209,3,25
soulap1,Vanellus chilensis,Southern Lapwing,XC396560.ogg,209,4,25
soulap1,Vanellus chilensis,Southern Lapwing,XC415812.ogg,29,1,25
soulap1,Vanellus chilensis,Southern Lapwing,XC415814.ogg,29,3,25
soulap1,Vanellus chilensis,Southern Lapwing,XC415863.ogg,29,4,25
soulap1,Vanellus chilensis,Southern Lapwing,XC419261.ogg,102,2,25
soulap1,Vanellus chilensis,Southern Lapwing,XC421164.ogg,196,2,25
soulap1,Vanellus chilensis,Southern Lapwing,XC439642.ogg,45,2,25
soulap1,Vanellus chilensis,Southern Lapwing,XC459676.ogg,58,21,25
soulap1,Vanellus chilensis,Southern Lapwing,XC470214.ogg,29,1,25
soulap1,Vanellus chilensis,Southern Lapwing,XC47139.ogg,153,3,25
soulap1,Vanellus chilensis,Southern Lapwing,XC47141.ogg,153,7,25
soulap1,Vanellus chilensis,Southern Lapwing,XC475609.ogg,45,5,25
soulap1,Vanellus chilensis,Southern Lapwing,XC475624.ogg,45,6,25
soulap1,Vanellus chilensis,Southern Lapwing,XC475626.ogg,45,1,25
soulap1,Vanellus chilensis,Southern Lapwing,XC48574.ogg,24,3,25
soulap1,Vanellus chilensis,Southern Lapwing,XC489125.ogg,45,3,25
soulap1,Vanellus chilensis,Southern Lapwing,XC492892.ogg,95,1,25
soulap1,Vanellus chilensis,Southern Lapwing,XC510860.ogg,81,3,25
soulap1,Vanellus chilensis,Southern Lapwing,XC51499.ogg,24,3,25
soulap1,Vanellus chilensis,Southern Lapwing,XC521724.ogg,81,1,25
soulap1,Vanellus chilensis,Southern Lapwing,XC531935.ogg,102,2,25
soulap1,Vanellus chilensis,Southern Lapwing,XC534168.ogg,54,1,25
soulap1,Vanellus chilensis,Southern Lapwing,XC534308.ogg,54,2,25
soulap1,Vanellus chilensis,Southern Lapwing,XC540445.ogg,54,6,25
soulap1,Vanellus chilensis,Southern Lapwing,XC546406.ogg,54,6,25
soulap1,Vanellus chilensis,Southern Lapwing,XC580177.ogg,54,44,25
soulap1,Vanellus chilensis,Southern Lapwing,XC591188.ogg,151,1,25
soulap1,Vanellus chilensis,Southern Lapwing,XC591189.ogg,151,10,25
soulap1,Vanellus chilensis,Southern Lapwing,XC600438.ogg,192,1,25
soulap1,Vanellus chilensis,Southern Lapwing,XC615607.ogg,68,1,25
soulap1,Vanellus chilensis,Southern Lapwing,XC70818.ogg,53,1,25
soulap1,Vanellus chilensis,Southern Lapwing,XC85478.ogg,105,3,25
soulap1,Vanellus chilensis,Southern Lapwing,XC85479.ogg,105,2,25
strcuc1,Tapera naevia,Striped Cuckoo,XC144399.ogg,17,1,21
strcuc1,Tapera naevia,Striped Cuckoo,XC150257.ogg,125,10,21
strcuc1,Tapera naevia,Striped Cuckoo,XC150817.ogg,166,2,21
strcuc1,Tapera naevia,Striped Cuckoo,XC150890.ogg,166,2,21
strcuc1,Tapera naevia,Striped Cuckoo,XC173304.ogg,59,3,21
strcuc1,Tapera naevia,Striped Cuckoo,XC182338.ogg,168,3,21
strcuc1,Tapera naevia,Striped Cuckoo,XC212389.ogg,74,5,21
strcuc1,Tapera naevia,Striped Cuckoo,XC212390.ogg,74,1,21
strcuc1,Tapera naevia,Striped Cuckoo,XC315727.ogg,18,2,21
strcuc1,Tapera naevia,Striped Cuckoo,XC331699.ogg,49,3,21
strcuc1,Tapera naevia,Striped Cuckoo,XC340515.ogg,21,2,21
strcuc1,Tapera naevia,Striped Cuckoo,XC340516.ogg,21,6,21
strcuc1,Tapera naevia,Striped Cuckoo,XC365181.ogg,29,5,21
strcuc1,Tapera naevia,Striped Cuckoo,XC391110.ogg,122,21,21
strcuc1,Tapera naevia,Striped Cuckoo,XC395333.ogg,114,7,21
strcuc1,Tapera naevia,Striped Cuckoo,XC403206.ogg,66,3,21
strcuc1,Tapera naevia,Striped Cuckoo,XC419346.ogg,102,3,21
strcuc1,Tapera naevia,Striped Cuckoo,XC424983.ogg,196,1,21
strcuc1,Tapera naevia,Striped Cuckoo,XC428350.ogg,196,2,21
strcuc1,Tapera naevia,Striped Cuckoo,XC428633.ogg,196,1,21
strcuc1,Tapera naevia,Striped Cuckoo,XC443799.ogg,122,8,21
strcuc1,Tapera naevia,Striped Cuckoo,XC498107.ogg,102,3,21
strcuc1,Tapera naevia,Striped Cuckoo,XC502092.ogg,128,13,21
strcuc1,Tapera naevia,Striped Cuckoo,XC502094.ogg,128,9,21
strcuc1,Tapera naevia,Striped Cuckoo,XC506428.ogg,141,8,21
strcuc1,Tapera naevia,Striped Cuckoo,XC508606.ogg,153,19,21
strcuc1,Tapera naevia,Striped Cuckoo,XC593146.ogg,133,11,21
strcuc1,Tapera naevia,Striped Cuckoo,XC617210.ogg,102,10,21
strcuc1,Tapera naevia,Striped Cuckoo,XC64230.ogg,110,9,21
strfly1,Myiodynastes maculatus,Streaked Flycatcher,XC116266.ogg,14,10,11
strfly1,Myiodynastes maculatus,Streaked Flycatcher,XC116655.ogg,168,3,11
strfly1,Myiodynastes maculatus,Streaked Flycatcher,XC144734.ogg,17,9,11
strfly1,Myiodynastes maculatus,Streaked Flycatcher,XC144898.ogg,17,3,11
strfly1,Myiodynastes maculatus,Streaked Flycatcher,XC144955.ogg,48,7,11
strfly1,Myiodynastes maculatus,Streaked Flycatcher,XC149115.ogg,198,5,11
strfly1,Myiodynastes maculatus,Streaked Flycatcher,XC1682.ogg,189,3,11
strfly1,Myiodynastes maculatus,Streaked Flycatcher,XC1683.ogg,189,2,11
strfly1,Myiodynastes maculatus,Streaked Flycatcher,XC1753.ogg,189,5,11
strfly1,Myiodynastes maculatus,Streaked Flycatcher,XC182801.ogg,17,5,11
strfly1,Myiodynastes maculatus,Streaked Flycatcher,XC199136.ogg,83,1,11
strfly1,Myiodynastes maculatus,Streaked Flycatcher,XC209523.ogg,17,7,11
strfly1,Myiodynastes maculatus,Streaked Flycatcher,XC210149.ogg,105,4,11
strfly1,Myiodynastes maculatus,Streaked Flycatcher,XC211527.ogg,74,4,11
strfly1,Myiodynastes maculatus,Streaked Flycatcher,XC211770.ogg,168,3,11
strfly1,Myiodynastes maculatus,Streaked Flycatcher,XC2521.ogg,189,5,11
strfly1,Myiodynastes maculatus,Streaked Flycatcher,XC290321.ogg,203,2,11
strfly1,Myiodynastes maculatus,Streaked Flycatcher,XC32319.ogg,153,2,11
strfly1,Myiodynastes maculatus,Streaked Flycatcher,XC32320.ogg,153,3,11
strfly1,Myiodynastes maculatus,Streaked Flycatcher,XC32321.ogg,153,1,11
strfly1,Myiodynastes maculatus,Streaked Flycatcher,XC32322.ogg,153,3,11
strfly1,Myiodynastes maculatus,Streaked Flycatcher,XC347718.ogg,177,4,11
strfly1,Myiodynastes maculatus,Streaked Flycatcher,XC361108.ogg,153,23,11
strfly1,Myiodynastes maculatus,Streaked Flycatcher,XC389217.ogg,37,2,11
strfly1,Myiodynastes maculatus,Streaked Flycatcher,XC399501.ogg,153,8,11
strfly1,Myiodynastes maculatus,Streaked Flycatcher,XC399502.ogg,153,14,11
strfly1,Myiodynastes maculatus,Streaked Flycatcher,XC418904.ogg,74,2,11
strfly1,Myiodynastes maculatus,Streaked Flycatcher,XC419123.ogg,74,10,11
strfly1,Myiodynastes maculatus,Streaked Flycatcher,XC421436.ogg,74,11,11
strfly1,Myiodynastes maculatus,Streaked Flycatcher,XC443341.ogg,102,1,11
strfly1,Myiodynastes maculatus,Streaked Flycatcher,XC444246.ogg,102,7,11
strfly1,Myiodynastes maculatus,Streaked Flycatcher,XC457388.ogg,153,12,11
strfly1,Myiodynastes maculatus,Streaked Flycatcher,XC463917.ogg,184,0,11
strfly1,Myiodynastes maculatus,Streaked Flycatcher,XC500054.ogg,102,3,11
strfly1,Myiodynastes maculatus,Streaked Flycatcher,XC502102.ogg,128,13,11
strfly1,Myiodynastes maculatus,Streaked Flycatcher,XC503455.ogg,153,17,11
strfly1,Myiodynastes maculatus,Streaked Flycatcher,XC507115.ogg,141,8,11
strfly1,Myiodynastes maculatus,Streaked Flycatcher,XC51035.ogg,24,3,11
strfly1,Myiodynastes maculatus,Streaked Flycatcher,XC51036.ogg,24,2,11
strfly1,Myiodynastes maculatus,Streaked Flycatcher,XC51037.ogg,24,3,11
strfly1,Myiodynastes maculatus,Streaked Flycatcher,XC51038.ogg,24,1,11
strfly1,Myiodynastes maculatus,Streaked Flycatcher,XC527368.ogg,137,3,11
strfly1,Myiodynastes maculatus,Streaked Flycatcher,XC528172.ogg,23,3,11
strfly1,Myiodynastes maculatus,Streaked Flycatcher,XC586952.ogg,19,20,11
strfly1,Myiodynastes maculatus,Streaked Flycatcher,XC599219.ogg,102,0,11
strfly1,Myiodynastes maculatus,Streaked Flycatcher,XC599223.ogg,102,2,11
strfly1,Myiodynastes maculatus,Streaked Flycatcher,XC599225.ogg,102,12,11
strfly1,Myiodynastes maculatus,Streaked Flycatcher,XC599442.ogg,102,16,11
strfly1,Myiodynastes maculatus,Streaked Flycatcher,XC615549.ogg,68,17,11
strfly1,Myiodynastes maculatus,Streaked Flycatcher,XC615550.ogg,68,8,11
strfly1,Myiodynastes maculatus,Streaked Flycatcher,XC617199.ogg,102,6,11
strfly1,Myiodynastes maculatus,Streaked Flycatcher,XC82275.ogg,105,4,11
strfly1,Myiodynastes maculatus,Streaked Flycatcher,XC82276.ogg,105,8,11
tropar,Setophaga pitiayumi,Tropical Parula,XC1550.ogg,189,3,17
tropar,Setophaga pitiayumi,Tropical Parula,XC166920.ogg,18,4,17
tropar,Setophaga pitiayumi,Tropical Parula,XC1710.ogg,189,2,17
tropar,Setophaga pitiayumi,Tropical Parula,XC174649.ogg,59,5,17
tropar,Setophaga pitiayumi,Tropical Parula,XC187463.ogg,75,19,17
tropar,Setophaga pitiayumi,Tropical Parula,XC195055.ogg,168,1,17
tropar,Setophaga pitiayumi,Tropical Parula,XC200408.ogg,75,2,17
tropar,Setophaga pitiayumi,Tropical Parula,XC288055.ogg,10,22,17
tropar,Setophaga pitiayumi,Tropical Parula,XC295881.ogg,74,4,17
tropar,Setophaga pitiayumi,Tropical Parula,XC299156.ogg,74,3,17
tropar,Setophaga pitiayumi,Tropical Parula,XC313654.ogg,38,4,17
tropar,Setophaga pitiayumi,Tropical Parula,XC32448.ogg,153,1,17
tropar,Setophaga pitiayumi,Tropical Parula,XC32449.ogg,153,1,17
tropar,Setophaga pitiayumi,Tropical Parula,XC369818.ogg,80,1,17
tropar,Setophaga pitiayumi,Tropical Parula,XC379150.ogg,21,9,17
tropar,Setophaga pitiayumi,Tropical Parula,XC415777.ogg,102,1,17
tropar,Setophaga pitiayumi,Tropical Parula,XC415778.ogg,102,1,17
tropar,Setophaga pitiayumi,Tropical Parula,XC423630.ogg,130,3,17
tropar,Setophaga pitiayumi,Tropical Parula,XC434958.ogg,183,2,17
tropar,Setophaga pitiayumi,Tropical Parula,XC436752.ogg,102,6,17
tropar,Setophaga pitiayumi,Tropical Parula,XC48779.ogg,142,5,17
tropar,Setophaga pitiayumi,Tropical Parula,XC491927.ogg,19,7,17
tropar,Setophaga pitiayumi,Tropical Parula,XC51686.ogg,24,1,17
tropar,Setophaga pitiayumi,Tropical Parula,XC51687.ogg,24,1,17
tropar,Setophaga pitiayumi,Tropical Parula,XC531592.ogg,80,14,17
tropar,Setophaga pitiayumi,Tropical Parula,XC592837.ogg,80,13,17
tropar,Setophaga pitiayumi,Tropical Parula,XC63838.ogg,110,3,17
tropar,Setophaga pitiayumi,Tropical Parula,XC84608.ogg,105,3,17
tropar,Setophaga pitiayumi,Tropical Parula,XC84609.ogg,105,1,17
whtdov,Leptotila verreauxi,White-tipped Dove,XC112747.ogg,153,5,8
whtdov,Leptotila verreauxi,White-tipped Dove,XC123801.ogg,81,6,8
whtdov,Leptotila verreauxi,White-tipped Dove,XC124604.ogg,65,7,8
whtdov,Leptotila verreauxi,White-tipped Dove,XC144503.ogg,33,4,8
whtdov,Leptotila verreauxi,White-tipped Dove,XC144779.ogg,17,3,8
whtdov,Leptotila verreauxi,White-tipped Dove,XC166268.ogg,18,5,8
whtdov,Leptotila verreauxi,White-tipped Dove,XC1697.ogg,189,7,8
whtdov,Leptotila verreauxi,White-tipped Dove,XC176515.ogg,59,1,8
whtdov,Leptotila verreauxi,White-tipped Dove,XC200395.ogg,75,5,8
whtdov,Leptotila verreauxi,White-tipped Dove,XC2204.ogg,189,6,8
whtdov,Leptotila verreauxi,White-tipped Dove,XC229252.ogg,105,6,8
whtdov,Leptotila verreauxi,White-tipped Dove,XC294701.ogg,59,3,8
whtdov,Leptotila verreauxi,White-tipped Dove,XC295669.ogg,74,2,8
whtdov,Leptotila verreauxi,White-tipped Dove,XC296529.ogg,81,7,8
whtdov,Leptotila verreauxi,White-tipped Dove,XC361103.ogg,153,6,8
whtdov,Leptotila verreauxi,White-tipped Dove,XC385733.ogg,193,6,8
whtdov,Leptotila verreauxi,White-tipped Dove,XC387962.ogg,30,3,8
whtdov,Leptotila verreauxi,White-tipped Dove,XC388552.ogg,130,2,8
whtdov,Leptotila verreauxi,White-tipped Dove,XC396701.ogg,80,21,8
whtdov,Leptotila verreauxi,White-tipped Dove,XC415520.ogg,102,3,8
whtdov,Leptotila verreauxi,White-tipped Dove,XC417122.ogg,196,6,8
whtdov,Leptotila verreauxi,White-tipped Dove,XC432369.ogg,102,9,8
whtdov,Leptotila verreauxi,White-tipped Dove,XC486909.ogg,80,10,8
whtdov,Leptotila verreauxi,White-tipped Dove,XC492013.ogg,19,8,8
whtdov,Leptotila verreauxi,White-tipped Dove,XC495077.ogg,193,4,8
whtdov,Leptotila verreauxi,White-tipped Dove,XC50881.ogg,24,3,8
whtdov,Leptotila verreauxi,White-tipped Dove,XC50882.ogg,24,4,8
whtdov,Leptotila verreauxi,White-tipped Dove,XC50884.ogg,24,7,8
whtdov,Leptotila verreauxi,White-tipped Dove,XC558264.ogg,102,4,8
whtdov,Leptotila verreauxi,White-tipped Dove,XC570004.ogg,19,11,8
whtdov,Leptotila verreauxi,White-tipped Dove,XC573792.ogg,80,9,8
whtdov,Leptotila verreauxi,White-tipped Dove,XC581520.ogg,135,9,8
whtdov,Leptotila verreauxi,White-tipped Dove,XC602691.ogg,81,4,8
whtdov,Leptotila verreauxi,White-tipped Dove,XC73767.ogg,110,10,8
whtdov,Leptotila verreauxi,White-tipped Dove,XC85194.ogg,105,2,8
whtdov,Leptotila verreauxi,White-tipped Dove,XC85195.ogg,105,4,8
yeofly1,Tolmomyias sulphurescens,Yellow-olive Flycatcher,XC114463.ogg,107,4,23
yeofly1,Tolmomyias sulphurescens,Yellow-olive Flycatcher,XC123933.ogg,81,7,23
yeofly1,Tolmomyias sulphurescens,Yellow-olive Flycatcher,XC133617.ogg,166,6,23
yeofly1,Tolmomyias sulphurescens,Yellow-olive Flycatcher,XC134200.ogg,198,3,23
yeofly1,Tolmomyias sulphurescens,Yellow-olive Flycatcher,XC141755.ogg,62,2,23
yeofly1,Tolmomyias sulphurescens,Yellow-olive Flycatcher,XC145572.ogg,17,1,23
yeofly1,Tolmomyias sulphurescens,Yellow-olive Flycatcher,XC147222.ogg,164,3,23
yeofly1,Tolmomyias sulphurescens,Yellow-olive Flycatcher,XC166050.ogg,114,4,23
yeofly1,Tolmomyias sulphurescens,Yellow-olive Flycatcher,XC177603.ogg,17,3,23
yeofly1,Tolmomyias sulphurescens,Yellow-olive Flycatcher,XC179689.ogg,87,4,23
yeofly1,Tolmomyias sulphurescens,Yellow-olive Flycatcher,XC186291.ogg,112,4,23
yeofly1,Tolmomyias sulphurescens,Yellow-olive Flycatcher,XC186851.ogg,112,8,23
yeofly1,Tolmomyias sulphurescens,Yellow-olive Flycatcher,XC187468.ogg,75,12,23
yeofly1,Tolmomyias sulphurescens,Yellow-olive Flycatcher,XC187920.ogg,134,1,23
yeofly1,Tolmomyias sulphurescens,Yellow-olive Flycatcher,XC1957.ogg,189,9,23
yeofly1,Tolmomyias sulphurescens,Yellow-olive Flycatcher,XC204203.ogg,123,20,23
yeofly1,Tolmomyias sulphurescens,Yellow-olive Flycatcher,XC212433.ogg,74,7,23
yeofly1,Tolmomyias sulphurescens,Yellow-olive Flycatcher,XC212434.ogg,74,2,23
yeofly1,Tolmomyias sulphurescens,Yellow-olive Flycatcher,XC2215.ogg,189,3,23
yeofly1,Tolmomyias sulphurescens,Yellow-olive Flycatcher,XC253997.ogg,6,10,23
yeofly1,Tolmomyias sulphurescens,Yellow-olive Flycatcher,XC254002.ogg,6,7,23
yeofly1,Tolmomyias sulphurescens,Yellow-olive Flycatcher,XC255982.ogg,132,4,23
yeofly1,Tolmomyias sulphurescens,Yellow-olive Flycatcher,XC283328.ogg,105,7,23
yeofly1,Tolmomyias sulphurescens,Yellow-olive Flycatcher,XC289856.ogg,202,4,23
yeofly1,Tolmomyias sulphurescens,Yellow-olive Flycatcher,XC295536.ogg,74,2,23
yeofly1,Tolmomyias sulphurescens,Yellow-olive Flycatcher,XC32355.ogg,153,3,23
yeofly1,Tolmomyias sulphurescens,Yellow-olive Flycatcher,XC32357.ogg,153,3,23
yeofly1,Tolmomyias sulphurescens,Yellow-olive Flycatcher,XC328921.ogg,193,3,23
yeofly1,Tolmomyias sulphurescens,Yellow-olive Flycatcher,XC332738.ogg,105,15,23
yeofly1,Tolmomyias sulphurescens,Yellow-olive Flycatcher,XC361117.ogg,153,20,23
yeofly1,Tolmomyias sulphurescens,Yellow-olive Flycatcher,XC384756.ogg,125,4,23
yeofly1,Tolmomyias sulphurescens,Yellow-olive Flycatcher,XC385773.ogg,193,3,23
yeofly1,Tolmomyias sulphurescens,Yellow-olive Flycatcher,XC393155.ogg,150,1,23
yeofly1,Tolmomyias sulphurescens,Yellow-olive Flycatcher,XC393562.ogg,150,3,23
yeofly1,Tolmomyias sulphurescens,Yellow-olive Flycatcher,XC402633.ogg,195,3,23
yeofly1,Tolmomyias sulphurescens,Yellow-olive Flycatcher,XC408478.ogg,102,5,23
yeofly1,Tolmomyias sulphurescens,Yellow-olive Flycatcher,XC421886.ogg,74,3,23
yeofly1,Tolmomyias sulphurescens,Yellow-olive Flycatcher,XC428100.ogg,35,5,23
yeofly1,Tolmomyias sulphurescens,Yellow-olive Flycatcher,XC428101.ogg,35,2,23
yeofly1,Tolmomyias sulphurescens,Yellow-olive Flycatcher,XC431036.ogg,91,5,23
yeofly1,Tolmomyias sulphurescens,Yellow-olive Flycatcher,XC435455.ogg,102,0,23
yeofly1,Tolmomyias sulphurescens,Yellow-olive Flycatcher,XC437658.ogg,102,3,23
yeofly1,Tolmomyias sulphurescens,Yellow-olive Flycatcher,XC459338.ogg,102,1,23
yeofly1,Tolmomyias sulphurescens,Yellow-olive Flycatcher,XC461346.ogg,102,1,23
yeofly1,Tolmomyias sulphurescens,Yellow-olive Flycatcher,XC46766.ogg,24,2,23
yeofly1,Tolmomyias sulphurescens,Yellow-olive Flycatcher,XC469256.ogg,102,1,23
yeofly1,Tolmomyias sulphurescens,Yellow-olive Flycatcher,XC473675.ogg,80,4,23
yeofly1,Tolmomyias sulphurescens,Yellow-olive Flycatcher,XC479384.ogg,102,18,23
yeofly1,Tolmomyias sulphurescens,Yellow-olive Flycatcher,XC479866.ogg,102,2,23
yeofly1,Tolmomyias sulphurescens,Yellow-olive Flycatcher,XC483489.ogg,147,1,23
yeofly1,Tolmomyias sulphurescens,Yellow-olive Flycatcher,XC4903.ogg,28,3,23
yeofly1,Tolmomyias sulphurescens,Yellow-olive Flycatcher,XC492896.ogg,80,22,23
yeofly1,Tolmomyias sulphurescens,Yellow-olive Flycatcher,XC495081.ogg,193,2,23
yeofly1,Tolmomyias sulphurescens,Yellow-olive Flycatcher,XC504468.ogg,10,9,23
yeofly1,Tolmomyias sulphurescens,Yellow-olive Flycatcher,XC507872.ogg,102,2,23
yeofly1,Tolmomyias sulphurescens,Yellow-olive Flycatcher,XC51044.ogg,24,4,23
yeofly1,Tolmomyias sulphurescens,Yellow-olive Flycatcher,XC51045.ogg,24,1,23
yeofly1,Tolmomyias sulphurescens,Yellow-olive Flycatcher,XC51046.ogg,24,8,23
yeofly1,Tolmomyias sulphurescens,Yellow-olive Flycatcher,XC51047.ogg,24,1,23
yeofly1,Tolmomyias sulphurescens,Yellow-olive Flycatcher,XC51048.ogg,24,2,23
yeofly1,Tolmomyias sulphurescens,Yellow-olive Flycatcher,XC536803.ogg,102,6,23
yeofly1,Tolmomyias sulphurescens,Yellow-olive Flycatcher,XC544453.ogg,54,6,23
yeofly1,Tolmomyias sulphurescens,Yellow-olive Flycatcher,XC548396.ogg,80,1,23
yeofly1,Tolmomyias sulphurescens,Yellow-olive Flycatcher,XC550397.ogg,54,1,23
yeofly1,Tolmomyias sulphurescens,Yellow-olive Flycatcher,XC552803.ogg,102,5,23
yeofly1,Tolmomyias sulphurescens,Yellow-olive Flycatcher,XC556642.ogg,35,5,23
yeofly1,Tolmomyias sulphurescens,Yellow-olive Flycatcher,XC556647.ogg,35,4,23
yeofly1,Tolmomyias sulphurescens,Yellow-olive Flycatcher,XC567709.ogg,102,4,23
yeofly1,Tolmomyias sulphurescens,Yellow-olive Flycatcher,XC568517.ogg,19,3,23
yeofly1,Tolmomyias sulphurescens,Yellow-olive Flycatcher,XC568518.ogg,19,6,23
yeofly1,Tolmomyias sulphurescens,Yellow-olive Flycatcher,XC573743.ogg,54,5,23
yeofly1,Tolmomyias sulphurescens,Yellow-olive Flycatcher,XC581034.ogg,186,2,23
yeofly1,Tolmomyias sulphurescens,Yellow-olive Flycatcher,XC589209.ogg,135,23,23
yeofly1,Tolmomyias sulphurescens,Yellow-olive Flycatcher,XC589727.ogg,135,5,23
yeofly1,Tolmomyias sulphurescens,Yellow-olive Flycatcher,XC592835.ogg,80,7,23
yeofly1,Tolmomyias sulphurescens,Yellow-olive Flycatcher,XC602844.ogg,81,6,23
yeofly1,Tolmomyias sulphurescens,Yellow-olive Flycatcher,XC607971.ogg,102,2,23
yeofly1,Tolmomyias sulphurescens,Yellow-olive Flycatcher,XC610513.ogg,181,9,23
yeofly1,Tolmomyias sulphurescens,Yellow-olive Flycatcher,XC611394.ogg,54,2,23
yeofly1,Tolmomyias sulphurescens,Yellow-olive Flycatcher,XC611913.ogg,68,3,23
yeofly1,Tolmomyias sulphurescens,Yellow-olive Flycatcher,XC81740.ogg,105,5,23
yeofly1,Tolmomyias sulphurescens,Yellow-olive Flycatcher,XC81742.ogg,105,4,23
yeofly1,Tolmomyias sulphurescens,Yellow-olive Flycatcher,XC81744.ogg,105,4,23
